,1923,1924,1925,1927,1928,1929,1930,1933,1936,1940,1942,1944,1947,1949,1950,1952,1955,1957,1959,1960,1965,1970,1973,1978,1983,1989,1993,1995,1998
1,9.19,9.37,9.62,10.66,11.00,11.35,11.55,12.49,14.41,15.47,16.24,17.52,18.18,18.81,19.13,19.76,20.44,20.98,21.51,21.78,23.36,24.63,25.2,26.41,27.56,28.73,29.81,30.52,31.44
10,8.75,8.88,,,,,,,,,,,,,,,,,,,,,,,,,,,
100,8.3,8.39,8.59,9.11,9.25,9.39,9.4,9.43,10.17,10.45,10.48,10.5,10.62,,,,,,,,,,,,,,,,
101,11.32,11.62,12.04,13.05,13.28,13.5,13.99,14.55,17.05,18.76,19.61,20.96,21.93,22.68,23.06,23.81,24.61,25.28,25.95,26.28,28.55,30.3,31.63,33.5,36.82,39.81,41.25,41.6,42.27
102,6.03,6.13,,,,,,,,,,,,,,,,,,,,,,,,,,,
103,12.06,12.26,12.78,13.44,13.82,14.2,14.54,15.4,17.1,18.46,19.17,20.31,21.08,21.71,22.03,22.66,23.4,24.00,24.59,24.89,26.41,27.62,28.24,29.36,30.71,32.36,34.03,34.57,34.76
104,6.62,6.67,6.76,6.97,7.04,7.1,7.12,7.14,7.17,7.19,7.2,,,,,,,,,,,,,,,,,,
105,10.33,10.5,10.76,11.35,11.68,12,12.2,12.79,14.01,14.93,15.05,,,,,,,,,,,,,,,,,,
106,6.77,6.88,7.01,7.47,7.58,7.69,7.72,7.93,7.99,8.01,8.01,8.02,,,,,,,,,,,,,,,,,
107,7.22,7.31,7.45,7.72,7.81,7.9,7.91,7.93,7.95,8.01,8.04,8.06,,,,,,,,,,,,,,,,,
108,6.28,6.33,6.42,6.62,6.76,6.9,6.97,7.03,7.07,7.09,7.1,,,,,,,,,,,,,,,,,,
109,11.81,12.12,12.78,13.34,13.67,14,14.39,15.5,17.3,18.71,19.4,20.56,21.68,22.45,22.84,23.61,24.72,25.68,26.64,27.12,29.65,31.7,32.82,34.68,36.82,39.23,41.44,41.79,42.57
11,10.92,11.13,11.3,11.85,12.15,12.45,12.55,12.99,13.86,14.68,15.11,15.83,16.38,16.78,16.98,17.37,,,,,,,,,,,,,
110,7.61,7.65,7.9,8.17,8.36,8.55,8.62,8.78,9.2,9.3,9.31,9.41,9.51,,,,,,,,,,,,,,,,
111,4.99,5.2,5.28,5.48,5.69,5.9,5.92,5.93,5.98,6.03,6.06,,,,,,,,,,,,,,,,,,
112,6.45,6.47,6.52,6.97,7.09,7.21,7.22,7.24,7.27,7.28,7.28,7.28,,,,,,,,,,,,,,,,,
113,9.39,9.61,9.77,10.41,10.73,11.05,11.1,11.79,13.31,14.48,14.79,15.13,15.42,15.48,15.51,15.57,,,,,,,,,,,,,
114,8.99,9.22,9.58,10.01,10.30,10.6,10.81,11.59,12.96,13.53,,,,,,,,,,,,,,,,,,,
115,11.42,11.58,12.29,12.85,13.12,13.4,13.84,14.75,15,15.04,15.07,15.23,15.32,,,,,,,,,,,,,,,,
116,9.19,9.47,9.82,10.41,10.72,11.03,11.14,11.39,11.92,12.84,13.11,13.49,14.02,14.54,14.80,15.32,16,,,,,,,,,,,,
117,11.66,11.77,12.09,13,13.28,13.55,13.79,14.6,16.3,17.32,17.6,,,,,,,,,,,,,,,,,,
118,6.57,6.57,,,,,,,,,,,,,,,,,,,,,,,,,,,
119,11.56,11.82,12.34,13.24,13.52,13.8,14.39,15,16.9,18.51,19.39,20.81,21.68,22.49,22.90,23.71,25.29,26.75,28.22,28.95,32.7,35.18,36.26,38.63,39.87,42.36,45.2,45.21,45.89
12,7.91,8.09,8.29,8.51,8.62,8.74,8.76,8.78,8.79,8.81,8.83,8.86,,,,,,,,,,,,,,,,,
120,9.64,9.66,9.92,10.26,10.38,10.5,10.51,11.04,11.57,11.84,12,,,,,,,,,,,,,,,,,,
121,6.33,6.4,6.47,6.72,6.80,6.88,6.9,6.92,7.23,7.41,7.45,7.47,,,,,,,,,,,,,,,,,
122,12.45,12.85,13.43,14.29,14.57,14.85,15.44,17.11,19.59,21.45,22.72,24.84,25.89,26.87,27.36,28.35,29.68,30.78,31.87,32.42,34.94,36.57,37.81,40.1,41.64,43.35,44.96,45.17,45.2
123,9.19,9.42,9.72,10.36,10.54,10.71,,,,,,,,,,,,,,,,,,,,,,,
124,8.1,8.19,8.29,8.56,8.74,8.92,9.05,9.43,10.32,11,11.28,11.7,11.97,12.19,12.30,12.53,12.64,12.67,12.70,12.72,,,,,,,,,
125,8.85,8.93,9.13,9.66,9.79,9.91,,,,,,,,,,,,,,,,,,,,,,,
126,6.62,6.67,6.96,7.32,7.46,7.6,7.67,8.18,9.22,9.95,10.28,10.8,11.22,11.40,11.49,11.68,11.78,11.82,11.86,11.88,,,,,,,,,
127,6.47,6.62,6.76,7.07,7.32,7.57,7.58,7.59,7.59,7.6,7.6,,,,,,,,,,,,,,,,,,
128,7.17,7.31,7.55,7.92,8.04,8.15,8.16,8.16,8.17,8.17,8.17,8.17,,,,,,,,,,,,,,,,,
129,7.66,7.99,8.05,8.31,8.39,8.47,8.52,8.59,8.6,8.6,8.6,,,,,,,,,,,,,,,,,,
13,9.74,9.91,10.07,10.61,10.88,11.15,11.3,11.79,12.76,13.48,,,,,,,,,,,,,,,,,,,
130,8.1,8.24,8.59,9.11,9.43,9.75,9.86,11.09,11.97,13.24,13.7,,,,,,,,,,,,,,,,,,
131,9.19,9.37,9.53,10.11,10.30,10.5,10.61,10.74,12.02,12.64,12.94,13.49,14.22,14.60,14.79,15.17,15.4,15.50,15.59,15.64,15.87,,,,,,,,
132,9.59,9.81,10.02,10.66,10.83,11,11.05,11.07,11.08,11.08,,,,,,,,,,,,,,,,,,,
133,10.63,10.79,11.06,11.7,12.02,12.35,12.65,13.49,15.21,16.57,17.23,18.32,19.23,19.94,20.30,21.01,21.97,22.82,23.67,24.1,26.71,28.76,29.94,,,,,,
134,8.4,9.03,9.18,9.91,10.16,10.4,10.5,10.53,10.82,10.85,,,,,,,,,,,,,,,,,,,
135,12.95,13.64,13.97,15.14,15.60,16.05,16.43,17.51,19.19,20.75,21.56,22.85,23.69,24.37,24.71,25.4,26.31,27.09,27.87,28.26,30.4,31.75,32.63,34.19,35.73,37.36,38.56,38.95,39.25
136,7.22,7.31,7.5,7.87,7.94,8,8.06,8.23,8.53,8.56,8.6,,,,,,,,,,,,,,,,,,
137,12.65,12.85,13.23,14.14,14.43,14.72,14.81,15.35,17.15,18.36,19.08,20.26,20.98,21.49,21.75,22.26,22.59,22.76,22.93,23.01,,,,,,,,,
138,9.44,9.66,9.97,10.41,10.51,10.61,,,,,,,,,,,,,,,,,,,,,,,
139,8.85,8.93,9.08,9.51,9.61,9.71,,,,,,,,,,,,,,,,,,,,,,,
14,5.04,5.05,,,,,,,,,,,,,,,,,,,,,,,,,,,
140,12.26,12.61,13.03,13.99,14.32,14.65,14.84,15.75,17.6,18.61,19.36,20.61,21.03,21.46,21.68,22.11,22.65,,,,,,,,,,,,
141,13,13.24,13.72,14.09,14.45,14.8,14.89,17.01,19.49,21.4,22.24,23.6,24.79,25.63,26.05,26.9,28.07,29.23,30.40,30.98,35.59,38.02,39.8,44.05,47.55,51.78,54.9,55.07,55.84
142,7.46,7.55,7.9,8.41,8.55,8.7,,,,,,,,,,,,,,,,,,,,,,,
143,4.09,4.09,4.1,4.23,4.39,4.56,4.57,4.59,4.59,4.6,4.6,,,,,,,,,,,,,,,,,,
144,7.26,7.46,7.7,8.22,8.51,8.8,8.86,9.28,10.22,10.45,10.75,,,,,,,,,,,,,,,,,,
145,6.92,7.16,7.4,7.67,7.83,8,8.02,8.68,9.12,9.5,9.59,9.66,9.71,,,,,,,,,,,,,,,,
146,5.88,6.08,6.22,6.25,6.25,6.26,6.28,6.32,6.38,6.42,6.44,6.47,,,,,,,,,,,,,,,,,
147,5.14,5.49,5.87,6.47,6.69,6.9,7.17,8.18,,,,,,,,,,,,,,,,,,,,,
148,8.4,8.58,8.88,9.56,9.91,10.25,10.41,10.59,11.32,11.74,11.85,11.95,,,,,,,,,,,,,,,,,
149,8.25,8.58,8.88,9.51,9.86,10.2,10.31,11.19,13.26,14.93,15.71,16.92,17.78,18.41,18.73,19.36,20.19,20.89,21.58,21.93,23.81,25.13,25.7,26.11,27.07,27.85,28.13,28.18,28.21
15,5.73,6.08,6.47,7.12,7.56,8,8.17,9.48,,,,,,,,,,,,,,,,,,,,,
150,8.7,8.88,9.28,9.96,10.18,10.4,10.66,10.83,10.95,11.05,,,,,,,,,,,,,,,,,,,
151,4.73,4.73,4.74,4.93,4.96,4.99,4.99,5.01,5.05,5.08,5.1,,,,,,,,,,,,,,,,,,
152,5.14,5.4,,,,,,,,,,,,,,,,,,,,,,,,,,,
153,6.57,6.63,6.71,7.02,7.20,7.37,7.44,7.52,7.88,7.99,8,8.11,,,,,,,,,,,,,,,,,
154,7.71,7.85,8.09,8.46,8.66,8.85,8.91,8.98,9.15,9.31,9.39,9.53,,,,,,,,,,,,,,,,,
155,9.19,9.32,9.53,10.16,10.43,10.7,10.96,11.74,13.21,14.23,14.8,15.78,16.63,17.11,17.35,17.82,18.13,18.28,18.43,18.51,,,,,,,,,
156,7.26,7.37,7.5,7.97,8.16,8.35,8.37,8.83,10.02,10.62,10.86,11.27,,,,,,,,,,,,,,,,,
157,5.29,5.35,5.43,5.68,5.79,5.9,5.91,5.92,,,,,,,,,,,,,,,,,,,,,
158,7.71,8.24,8.39,8.56,8.66,8.76,8.81,9.08,9.82,10.05,10.1,10.15,,,,,,,,,,,,,,,,,
159,5.81,5.84,5.87,5.97,5.97,5.98,5.98,5.99,5.99,5.99,,,,,,,,,,,,,,,,,,,
16,14.28,14.62,15.2,15.88,16.21,16.55,16.78,17.91,19.64,20.8,21.53,22.85,24.04,24.66,24.97,25.6,26.35,26.99,27.64,27.96,30,31.7,32.63,34.49,36.23,37.95,39.96,40.04,40.61
160,5.63,6.08,6.52,6.87,7.00,7.14,,,,,,,,,,,,,,,,,,,,,,,
161,9.44,9.81,10.17,11.1,11.35,11.6,12,12.49,13.26,13.63,13.92,14.49,14.97,15.27,15.42,15.72,16.11,16.44,16.77,16.93,17.72,,,,,,,,
162,8.85,9.32,9.48,9.71,9.86,10.01,,,,,,,,,,,,,,,,,,,,,,,
163,7.17,7.36,7.45,7.82,7.94,8.06,8.09,8.18,8.97,9.26,9.29,9.31,9.36,,,,,,,,,,,,,,,,
164,6.08,6.33,6.47,6.87,6.94,7,7.01,7.02,,,,,,,,,,,,,,,,,,,,,
165,12.16,12.41,12.73,13.34,13.77,14.2,14.44,15.25,17.2,18.76,19.48,20.66,21.73,22.44,22.80,23.51,24.42,25.18,25.95,26.33,28.3,29.86,30.68,32.12,33.76,35.79,37.78,38.08,38.76
166,7.81,8.14,8.29,8.86,9.08,9.3,9.31,9.53,10.37,10.55,,,,,,,,,,,,,,,,,,,
167,7.07,7.11,7.16,7.47,7.58,7.7,7.72,7.78,8.13,8.16,8.18,8.21,,,,,,,,,,,,,,,,,
168,6.82,6.96,7.11,7.37,7.54,7.7,7.72,7.88,8.43,8.49,8.5,8.51,,,,,,,,,,,,,,,,,
169,6.87,6.96,7.11,7.32,7.48,7.64,,,,,,,,,,,,,,,,,,,,,,,
17,5.98,6.08,6.12,6.32,6.33,6.35,6.36,6.38,6.39,6.4,6.4,,,,,,,,,,,,,,,,,,
170,8.85,8.93,9.13,9.56,9.68,9.8,9.86,10.18,10.77,11,11.08,11.2,,,,,,,,,,,,,,,,,
171,8.15,8.29,8.69,9.31,9.61,9.9,9.91,9.98,,,,,,,,,,,,,,,,,,,,,
172,7.22,7.41,7.7,8.12,8.34,8.55,8.56,8.88,9.82,10.3,10.4,10.45,10.52,,,,,,,,,,,,,,,,
173,7.51,7.65,7.7,7.92,8.02,8.12,8.13,,,,,,,,,,,,,,,,,,,,,,
174,4,4.02,4.05,4.13,4.25,4.38,4.39,4.39,4.39,4.4,4.4,,,,,,,,,,,,,,,,,,
175,6.92,7.01,7.06,7.47,7.49,7.52,7.54,7.56,7.59,7.6,7.6,,,,,,,,,,,,,,,,,,
176,7.46,7.6,7.95,8.17,8.34,8.5,8.56,8.68,8.86,8.95,8.96,8.96,,,,,,,,,,,,,,,,,
177,12.35,12.51,13.03,14.04,14.42,14.8,15.49,16.91,19.04,20.8,21.58,22.85,24.09,24.79,25.14,25.85,26.49,26.94,27.39,27.62,28.9,30.6,31.63,32.52,32.78,33.05,33.52,33.57,33.58
178,7.07,7.21,7.3,7.77,7.93,8.1,8.12,8.38,8.92,9.12,9.17,9.26,,,,,,,,,,,,,,,,,
179,5.73,5.84,6.02,6.47,6.65,6.83,6.91,6.97,7.63,7.84,7.88,7.91,7.96,,,,,,,,,,,,,,,,
18,5.44,5.59,5.73,6.17,6.31,6.45,6.52,6.62,7.18,7.51,7.58,7.62,,,,,,,,,,,,,,,,,
180,4.45,4.47,4.55,4.78,4.80,4.82,4.83,4.86,4.88,4.89,4.89,4.9,,,,,,,,,,,,,,,,,
181,8.65,9.03,9.33,10.06,10.33,10.6,10.86,11.49,13.21,14.63,15.42,16.78,17.88,18.79,19.25,20.16,21.18,22.03,22.88,23.31,26.16,28.06,29.09,30.45,31.8,32.75,34.62,35.93,36.42
182,9.09,9.22,9.58,9.96,10.18,10.4,10.41,10.89,11.87,12.64,12.88,13.24,13.77,13.93,14.01,14.17,14.25,14.27,14.29,14.3,,,,,,,,,
183,7.81,7.95,8.09,8.51,8.78,9.05,9.06,9.43,10.27,10.75,10.9,11.1,,,,,,,,,,,,,,,,,
184,9.59,9.71,9.87,10.31,10.50,10.7,10.76,11.04,11.97,12.54,12.74,13.04,13.47,13.51,13.53,13.58,,,,,,,,,,,,,
185,12.06,12.41,12.88,13.74,14.02,14.3,14.74,16.3,18.2,19.7,20.31,21.21,21.88,22.35,22.59,23.06,23.34,23.47,23.60,23.66,24.11,24.23,,,,,,,
186,6.52,6.52,,,,,,,,,,,,,,,,,,,,,,,,,,,
187,10.87,11.28,11.8,12.9,13.15,13.4,13.59,14.4,15.85,16.82,17.23,17.82,18.08,18.42,18.59,18.92,19.2,19.38,19.56,19.65,,,,,,,,,
188,9.13,9.18,9.21,9.36,9.46,9.56,,,,,,,,,,,,,,,,,,,,,,,
189,8.89,8.95,9.08,9.76,9.90,10.04,10.13,10.38,10.47,10.6,,,,,,,,,,,,,,,,,,,
19,6.92,6.96,,,,,,,,,,,,,,,,,,,,,,,,,,,
190,9.54,9.76,10.07,10.8,11.07,11.35,11.45,12.09,12.91,13.98,14.33,14.78,15.17,15.27,15.32,15.42,,,,,,,,,,,,,
191,7.22,7.85,8.24,8.66,9.30,9.95,10.81,12.89,14.96,16.37,16.89,17.67,18.53,19.00,19.24,19.71,20.58,21.46,22.33,22.77,25.66,27.47,,,,,,,
192,10.63,11.13,11.65,12.8,13.15,13.5,13.74,15.15,17,18.41,19.38,21.01,21.88,22.55,22.89,23.56,24.54,25.38,26.21,26.63,28.55,30,31.38,33.11,34.95,36.68,37.78,37.79,37.98
193,8.3,8.58,9.03,9.51,9.71,9.9,9.91,10.13,10.97,11.1,11.18,11.35,,,,,,,,,,,,,,,,,
194,9.69,9.81,9.92,9.96,9.97,9.98,9.98,10,10.03,10.05,,,,,,,,,,,,,,,,,,,
195,10.22,10.22,,,,,,,,,,,,,,,,,,,,,,,,,,,
196,10.28,10.3,10.61,11.35,11.60,11.85,12.02,12.34,12.81,13.34,13.48,13.64,13.77,13.79,13.80,13.82,,,,,,,,,,,,,
197,7.71,7.85,7.9,8.02,8.10,8.18,8.26,,,,,,,,,,,,,,,,,,,,,,
198,13.59,14.08,14.61,15.58,16.04,16.5,16.83,17.66,19.79,21,21.76,23,23.59,23.97,24.16,24.55,24.97,25.33,25.70,25.88,27.31,28.21,28.84,29.36,30.22,30.99,31.74,31.89,31.92
199,8.7,8.73,8.83,9.26,9.33,9.4,9.41,9.53,,,,,,,,,,,,,,,,,,,,,
2,6.08,6.18,6.32,6.72,6.88,7.04,7.06,7.07,7.08,7.1,7.1,7.12,,,,,,,,,,,,,,,,,
20,9.54,9.66,9.97,10.56,10.91,11.25,11.4,11.94,12.96,13.83,14.31,15.03,15.27,15.49,15.60,15.82,15.94,15.98,16.02,16.04,,,,,,,,,
200,8.8,8.88,9.08,9.36,9.51,9.66,,,,,,,,,,,,,,,,,,,,,,,
2001,3.76,,,,,,,,,,,,,,,,,,,,,,,,,,,,
2002,13.34,,,,,,,,,,,,,,,,,,,,,,,,,,,,
2003,9.34,,,,,,,,,,,,,,,,,,,,,,,,,,,,
2004,11.91,,,,,,,,,,,,,,,,,,,,,,,,,,,,
2005,14.33,,,,,,,,,,,,,,,,,,,,,,,,,,,,
2006,12.35,,,,,,,,,,,,,,,,,,,,,,,,,,,,
2007,10.23,,,,,,,,,,,,,,,,,,,,,,,,,,,,
2008,8.8,,,,,,,,,,,,,,,,,,,,,,,,,,,,
2009,13.49,,,,,,,,,,,,,,,,,,,,,,,,,,,,
201,14.38,14.52,14.81,15.58,15.84,16.09,16.15,16.25,18.2,19.36,19.85,20.56,20.98,21.39,21.60,22.01,22.4,22.72,23.05,23.21,24.56,25.77,26.5,27.49,28.55,30.11,30.74,30.99,31.24
2010,13.49,,,,,,,,,,,,,,,,,,,,,,,,,,,,
2011,8.25,,,,,,,,,,,,,,,,,,,,,,,,,,,,
2012,10.87,,,,,,,,,,,,,,,,,,,,,,,,,,,,
2013,11.17,,,,,,,,,,,,,,,,,,,,,,,,,,,,
2014,9.09,,,,,,,,,,,,,,,,,,,,,,,,,,,,
2015,7.91,,,,,,,,,,,,,,,,,,,,,,,,,,,,
2016,11.17,,,,,,,,,,,,,,,,,,,,,,,,,,,,
2017,8.3,,,,,,,,,,,,,,,,,,,,,,,,,,,,
2018,10.28,,,,,,,,,,,,,,,,,,,,,,,,,,,,
2019,12.06,,,,,,,,,,,,,,,,,,,,,,,,,,,,
202,13.2,13.59,14.12,14.79,15.12,15.45,15.64,15.85,15.95,16.02,16.03,16.03,,,,,,,,,,,,,,,,,
2020,15.81,,,,,,,,,,,,,,,,,,,,,,,,,,,,
2021,8.75,,,,,,,,,,,,,,,,,,,,,,,,,,,,
2022,9.34,,,,,,,,,,,,,,,,,,,,,,,,,,,,
2023,12.5,,,,,,,,,,,,,,,,,,,,,,,,,,,,
2024,11.86,,,,,,,,,,,,,,,,,,,,,,,,,,,,
2025,11.12,,,,,,,,,,,,,,,,,,,,,,,,,,,,
2026,13.05,,,,,,,,,,,,,,,,,,,,,,,,,,,,
2027,10.82,,,,,,,,,,,,,,,,,,,,,,,,,,,,
2028,10.48,,,,,,,,,,,,,,,,,,,,,,,,,,,,
2029,13.2,,,,,,,,,,,,,,,,,,,,,,,,,,,,
203,11.02,11.09,11.15,11.25,,,,,,,,,,,,,,,,,,,,,,,,,
2030,7.51,,,,,,,,,,,,,,,,,,,,,,,,,,,,
2031,10.53,,,,,,,,,,,,,,,,,,,,,,,,,,,,
2032,14.83,,,,,,,,,,,,,,,,,,,,,,,,,,,,
2033,4.5,,,,,,,,,,,,,,,,,,,,,,,,,,,,
2034,3.9,,,,,,,,,,,,,,,,,,,,,,,,,,,,
2035,4.5,,,,,,,,,,,,,,,,,,,,,,,,,,,,
2036,3.46,,,,,,,,,,,,,,,,,,,,,,,,,,,,
2037,6.47,,,,,,,,,,,,,,,,,,,,,,,,,,,,
2038,5.09,,,,,,,,,,,,,,,,,,,,,,,,,,,,
2039,5.54,,,,,,,,,,,,,,,,,,,,,,,,,,,,
204,13.05,13.29,13.57,13.94,14.27,14.61,14.71,14.75,14.8,14.82,14.82,14.84,,,,,,,,,,,,,,,,,
2040,5.04,,,,,,,,,,,,,,,,,,,,,,,,,,,,
2041,5.19,,,,,,,,,,,,,,,,,,,,,,,,,,,,
2042,5.19,,,,,,,,,,,,,,,,,,,,,,,,,,,,
2043,5.54,,,,,,,,,,,,,,,,,,,,,,,,,,,,
2044,5.68,,,,,,,,,,,,,,,,,,,,,,,,,,,,
2045,5.34,,,,,,,,,,,,,,,,,,,,,,,,,,,,
2046,3.9,,,,,,,,,,,,,,,,,,,,,,,,,,,,
2047,7.26,,,,,,,,,,,,,,,,,,,,,,,,,,,,
2048,6.82,,,,,,,,,,,,,,,,,,,,,,,,,,,,
2049,9.19,,,,,,,,,,,,,,,,,,,,,,,,,,,,
205,15.42,15.74,16.24,16.93,17.12,17.3,,,,,,,,,,,,,,,,,,,,,,,
2050,4.6,,,,,,,,,,,,,,,,,,,,,,,,,,,,
2051,7.41,,,,,,,,,,,,,,,,,,,,,,,,,,,,
2052,5.98,,,,,,,,,,,,,,,,,,,,,,,,,,,,
2053,3.81,,,,,,,,,,,,,,,,,,,,,,,,,,,,
2054,9.09,,,,,,,,,,,,,,,,,,,,,,,,,,,,
2055,3.95,,,,,,,,,,,,,,,,,,,,,,,,,,,,
2056,4.84,,,,,,,,,,,,,,,,,,,,,,,,,,,,
2057,8.15,,,,,,,,,,,,,,,,,,,,,,,,,,,,
2058,4.79,,,,,,,,,,,,,,,,,,,,,,,,,,,,
2059,4.84,,,,,,,,,,,,,,,,,,,,,,,,,,,,
206,13.2,13.73,14.21,15.04,15.39,15.75,16.03,17.11,19.54,21.5,22.15,23.05,23.84,24.62,25.01,25.8,26.65,27.29,27.94,28.26,29.8,31.1,31.58,32.12,32.88,33.73,34.44,34.6,34.66
2060,5.58,,,,,,,,,,,,,,,,,,,,,,,,,,,,
2061,6.97,,,,,,,,,,,,,,,,,,,,,,,,,,,,
2062,4.1,,,,,,,,,,,,,,,,,,,,,,,,,,,,
2063,9.54,,,,,,,,,,,,,,,,,,,,,,,,,,,,
2064,5.29,,,,,,,,,,,,,,,,,,,,,,,,,,,,
2065,5.44,,,,,,,,,,,,,,,,,,,,,,,,,,,,
2066,4.15,,,,,,,,,,,,,,,,,,,,,,,,,,,,
2067,4.5,,,,,,,,,,,,,,,,,,,,,,,,,,,,
2068,3.85,,,,,,,,,,,,,,,,,,,,,,,,,,,,
2069,3.06,,,,,,,,,,,,,,,,,,,,,,,,,,,,
207,6.72,6.82,,,,,,,,,,,,,,,,,,,,,,,,,,,
208,8.15,8.25,8.33,8.46,8.49,8.52,8.54,8.56,8.6,,,,,,,,,,,,,,,,,,,,
209,12.65,12.85,13.28,14.09,14.34,14.6,14.69,15.2,16.55,17.37,17.74,18.32,18.78,19.09,19.25,19.56,19.78,19.92,20.07,20.14,20.87,21.15,,,,,,,
21,9.04,9.12,9.48,10.61,10.75,10.88,10.88,10.94,11.47,11.54,,,,,,,,,,,,,,,,,,,
210,11.02,11.09,11.55,12.3,12.59,12.87,13.06,13.34,13.71,14.08,14.22,14.44,,,,,,,,,,,,,,,,,
211,11.91,12.21,12.64,13.44,13.89,14.35,14.39,15,16.25,17.47,18.11,19.16,19.88,20.57,20.92,21.61,22.15,22.49,22.84,23.01,24.06,24.83,25.3,25.31,25.31,,,,
212,14.48,14.71,15.25,16.08,16.25,16.42,16.68,17.46,19.14,20.7,21.03,21.31,21.73,22.04,22.20,22.51,22.73,22.84,22.95,23.01,,,,,,,,,
213,11.27,11.43,11.75,12.45,12.59,12.72,,,,,,,,,,,,,,,,,,,,,,,
214,6.62,6.69,6.75,6.87,6.93,6.98,7,7.02,,,,,,,,,,,,,,,,,,,,,
215,13,13.19,13.52,13.94,14.07,14.2,14.49,15.35,16.95,17.96,18.39,18.97,19.18,19.49,19.65,19.96,20.33,20.63,20.93,21.08,21.91,22.39,22.41,22.76,23.63,23.83,24.13,24.23,24.31
216,10.18,10.55,10.91,11.6,11.85,12.1,12.15,12.64,14.06,15.52,16.25,,,,,,,,,,,,,,,,,,
217,10.67,10.99,11.3,12.05,12.43,12.8,13,13.49,14.56,15.67,15.96,16.23,16.33,16.39,16.42,16.47,16.5,16.51,16.52,16.53,,,,,,,,,
218,6.18,6.33,6.37,6.77,6.88,6.98,7,7.02,7.03,7.07,,,,,,,,,,,,,,,,,,,
219,7.81,8.04,8.29,8.91,9.13,9.35,9.46,9.83,10.77,11.59,11.96,12.49,12.82,12.96,13.03,13.18,13.24,13.25,13.26,13.26,13.38,,,,,,,,
22,10.53,10.94,11.35,11.9,12.16,12.43,12.64,13.44,14.91,15.92,16.43,17.32,18.33,19.00,19.34,20.01,20.88,21.56,22.23,22.57,23.81,24.88,25.35,26.31,26.78,26.97,27.19,27.23,27.24
220,4.94,5.4,5.68,6.12,6.31,6.5,7.02,,,,,,,,,,,,,,,,,,,,,,
221,6.23,6.28,6.52,6.92,7.01,7.1,7.12,7.27,7.38,7.42,7.43,7.47,,,,,,,,,,,,,,,,,
222,8.1,8.29,8.54,9.06,9.28,9.5,9.56,9.93,10.62,11.15,11.41,11.85,12.17,,,,,,,,,,,,,,,,
223,9.24,9.42,9.87,10.41,10.73,11.05,11.1,11.69,12.71,13.24,,,,,,,,,,,,,,,,,,,
224,6.01,6.01,6.02,6.12,,,,,,,,,,,,,,,,,,,,,,,,,
225,8.15,8.24,8.39,8.86,8.96,9.07,9.11,9.13,9.18,9.21,9.23,9.26,,,,,,,,,,,,,,,,,
226,15.72,16.04,16.93,17.73,18.19,18.65,18.97,19.46,20.69,22.94,23.68,24.59,25.14,25.78,26.10,26.75,27.5,28.12,28.74,29.05,30.85,32.39,33.07,34.59,36.03,37.95,39.86,40.23,40.61
227,12.7,12.8,13.13,13.49,13.66,13.84,13.91,13.96,13.99,14,,,,,,,,,,,,,,,,,,,
228,8.75,8.98,9.03,9.36,9.45,9.53,9.57,9.62,9.64,9.65,9.65,9.66,,,,,,,,,,,,,,,,,
229,9.29,9.42,9.48,9.86,9.93,10.01,,,,,,,,,,,,,,,,,,,,,,,
23,11.32,11.53,11.8,12.25,12.55,12.85,12.9,13.44,14.31,15.33,15.4,15.43,15.52,,,,,,,,,,,,,,,,
230,14.78,15.45,15.84,16.93,17.31,17.7,18.28,19.36,21.69,23.73,24.36,25.09,25.59,26.11,26.37,26.9,27.57,28.12,28.67,28.95,30.3,31.35,32.08,32.71,33.67,35.01,36.1,36.13,36.51
231,7.7,7.74,7.77,7.92,8.05,8.18,8.18,8.19,8.19,8.19,,,,,,,,,,,,,,,,,,,
232,16.31,16.73,17.62,18.12,18.63,19.15,19.72,20.87,23.03,23.78,24.39,25.49,26.14,26.66,26.92,27.45,27.89,28.22,28.55,28.71,29.95,30.75,31.18,32.12,33.08,34.32,35.3,35.5,35.54
233,9.83,9.96,10.12,10.46,10.62,10.78,10.87,10.99,11.07,11.14,11.18,11.25,,,,,,,,,,,,,,,,,
234,9.74,9.86,10.17,10.85,11.12,11.4,11.55,11.94,13.31,14.33,14.72,15.28,15.77,,,,,,,,,,,,,,,,
235,6.15,6.25,6.37,6.77,6.83,6.9,6.91,6.92,6.99,7.03,7.03,7.07,,,,,,,,,,,,,,,,,
236,8.9,9.07,9.33,10.01,10.28,10.55,10.76,11.54,13.21,14.38,15.01,16.03,16.68,17.24,17.52,18.07,18.9,,,,,,,,,,,,
237,6.72,7.01,7.16,7.67,7.77,7.86,7.87,7.93,8.08,8.16,8.21,8.31,,,,,,,,,,,,,,,,,
238,8.7,8.98,9.28,9.91,10.01,10.11,,,,,,,,,,,,,,,,,,,,,,,
239,8.99,9.17,9.43,10.06,10.33,10.6,10.96,11.79,13.36,14.13,14.42,14.83,15.22,15.30,15.34,15.42,15.51,15.58,15.65,15.69,,,,,,,,,
24,9.09,9.22,9.38,10.06,10.12,10.17,10.26,10.43,10.47,10.55,,,,,,,,,,,,,,,,,,,
240,8.5,8.68,8.98,9.91,10.21,10.5,10.76,11.39,13.11,14.28,14.8,15.63,16.43,16.89,17.12,17.57,18.26,18.92,19.57,19.9,21.96,23.29,24.26,,,,,,
241,5.93,6.23,6.27,6.47,6.64,6.81,6.85,6.87,6.93,7.02,7.3,,,,,,,,,,,,,,,,,,
242,10.02,10.19,10.37,10.95,11.18,11.4,11.5,12.04,12.46,12.89,,,,,,,,,,,,,,,,,,,
243,12.85,13.15,13.62,14.59,14.92,15.25,15.54,16.3,17.8,19.36,20.12,21.36,22.33,23.08,23.46,24.21,25.04,25.68,26.31,26.63,28.15,29.01,29.39,30.05,30.91,31.77,32.77,33.01,33.1
244,7.56,7.62,7.7,7.97,8.14,8.32,8.34,8.38,8.53,8.6,8.62,8.66,,,,,,,,,,,,,,,,,
245,4.5,4.61,4.69,4.78,4.85,4.92,5,,,,,,,,,,,,,,,,,,,,,,
246,8.1,8.29,8.54,9.21,9.51,9.8,10.01,,,,,,,,,,,,,,,,,,,,,,
247,6.52,6.52,,,,,,,,,,,,,,,,,,,,,,,,,,,
248,5.86,5.86,,,,,,,,,,,,,,,,,,,,,,,,,,,
249,8.7,9.07,9.43,10.16,10.55,10.95,11.15,11.84,13.26,13.93,14.19,14.64,15.22,15.54,15.70,16.02,16.2,16.27,16.34,16.38,16.57,,,,,,,,
25,9.14,9.52,9.62,10.26,10.48,10.7,10.71,11.24,12.07,12.54,12.74,13.04,13.32,13.32,13.32,13.33,,,,,,,,,,,,,
250,7.51,7.75,8.14,8.76,8.98,9.2,9.31,9.53,10.22,10.5,10.6,,,,,,,,,,,,,,,,,,
251,6.13,6.28,6.37,7.02,7.21,7.4,7.47,,,,,,,,,,,,,,,,,,,,,,
252,6.38,6.62,6.71,6.97,7.21,7.45,7.47,7.58,7.77,7.94,,,,,,,,,,,,,,,,,,,
253,9.69,10.01,10.46,10.95,11.27,11.6,12.65,13.19,15.06,16.47,17.1,18.07,18.78,19.47,19.82,20.51,20.98,21.22,21.46,21.58,22.26,23.19,23.66,24.24,25,25.89,26.31,26.56,26.75
255,10.53,10.64,10.82,11.54,11.72,11.9,12.4,14.45,16.35,17.96,18.75,20.01,20.98,21.61,21.93,22.56,23.25,23.81,24.37,24.65,26.41,27.57,29.24,,,,,,
256,6.5,6.5,,,,,,,,,,,,,,,,,,,,,,,,,,,
257,9.83,10.15,10.41,11.2,11.60,12,12.1,12.59,13.91,14.88,15.18,15.58,15.97,16.17,16.27,16.47,,,,,,,,,,,,,
258,8.8,9.12,9.48,10.11,10.40,10.7,10.86,11.29,12.02,12.14,12.15,12.15,,,,,,,,,,,,,,,,,
259,12.75,13.34,13.82,14.94,15.47,16,16.73,18.06,20.29,21.99,22.83,24.14,24.94,25.68,26.05,26.8,27.63,28.32,29.01,29.35,31.5,33.24,34.22,35.87,37.7,40.01,42.33,42.48,43.05
26,4.05,4.2,4.31,4.48,4.57,4.65,4.67,4.69,4.7,,,,,,,,,,,,,,,,,,,,
260,4.89,4.95,5.03,5.13,5.23,5.33,5.35,5.37,,,,,,,,,,,,,,,,,,,,,
261,8.8,9.17,9.58,10.56,10.88,11.19,11.43,11.99,13.01,13.78,14.22,14.93,15.32,15.68,15.86,16.22,16.55,16.78,17.01,17.12,,,,,,,,,
262,4.65,4.71,4.79,5.08,5.16,5.24,5.26,5.27,5.29,5.29,,,,,,,,,,,,,,,,,,,
263,10.43,10.64,11.01,11.55,11.80,12.05,12.45,12.94,14.56,15.87,16.22,16.63,17.18,17.40,17.51,17.72,17.94,18.11,18.28,18.36,18.77,18.91,,,,,,,
264,3.95,4.22,4.39,4.83,4.93,5.03,,,,,,,,,,,,,,,,,,,,,,,
265,9.39,9.81,10.17,10.75,11.12,11.5,11.8,12.84,14.71,16.17,16.85,17.92,18.73,19.38,19.71,20.36,20.83,21.11,21.39,21.53,22.41,22.89,23.01,23.06,23.33,23.93,24.14,24.22,24.31
266,10.58,10.84,11.25,12.15,12.36,12.57,,,,,,,,,,,,,,,,,,,,,,,
267,12.9,13.54,13.77,14.74,15.04,15.35,15.69,15.75,17.1,17.66,18.06,18.82,19.48,19.97,20.22,20.71,21.35,,,,,,,,,,,,
268,11.42,11.53,11.9,12.7,13.12,13.55,13.59,13.8,13.86,13.93,,,,,,,,,,,,,,,,,,,
269,8.25,8.44,8.59,9.06,9.28,9.5,9.51,9.58,10.22,10.37,10.39,10.44,10.47,,,,,,,,,,,,,,,,
27,7.41,7.46,7.6,7.97,8.04,8.12,8.12,8.13,8.53,8.61,8.64,8.71,8.81,,,,,,,,,,,,,,,,
270,5.49,5.64,5.73,5.88,5.92,5.95,5.97,5.99,6.02,,,,,,,,,,,,,,,,,,,,
271,7.56,7.7,7.85,8.27,8.41,8.55,8.61,8.73,8.87,8.92,8.94,8.96,,,,,,,,,,,,,,,,,
272,8.4,8.63,8.83,9.31,9.44,9.56,9.78,10.38,11.67,12.74,13.04,13.44,14.07,14.39,14.55,14.87,,,,,,,,,,,,,
273,10.97,11.38,11.6,12.35,12.65,12.95,13.25,13.95,15.36,15.72,16.26,17.32,17.98,18.53,18.81,19.36,20.25,,,,,,,,,,,,
274,9.19,9.42,9.53,10.16,10.29,10.41,,,,,,,,,,,,,,,,,,,,,,,
275,10.87,11.13,11.55,12.2,12.40,12.6,12.95,14.3,16.7,18.31,19.06,20.36,21.83,22.54,22.90,23.61,24.49,25.27,26.04,26.43,28.95,30.65,31.23,33.21,34.75,36.68,38.31,38.76,39.05
276,8.8,8.93,9.08,9.56,9.71,9.86,,,,,,,,,,,,,,,,,,,,,,,
277,5.68,5.69,5.77,5.97,6.10,6.23,6.26,6.32,6.48,6.53,6.55,6.57,,,,,,,,,,,,,,,,,
278,5.91,5.91,,,,,,,,,,,,,,,,,,,,,,,,,,,
279,6.57,6.72,6.81,7.02,7.16,7.31,7.37,7.52,7.98,8.01,8.04,8.11,,,,,,,,,,,,,,,,,
28,9.54,9.66,9.97,10.41,10.61,10.8,10.96,11.59,12.46,13.04,13.05,,,,,,,,,,,,,,,,,,
280,11.12,11.38,11.7,12.15,12.42,12.69,12.93,13.39,14.71,15.72,16.3,17.27,17.98,18.43,18.66,19.11,19.66,20.13,20.60,20.84,22.31,23.54,24.21,24.34,,,,,
281,9.29,9.91,10.32,10.85,11.22,11.6,11.75,12.29,13.91,15.28,15.87,16.73,17.18,17.58,17.78,18.17,18.65,,,,,,,,,,,,
282,4.4,4.51,5.03,5.68,5.84,6,6.37,6.42,8.63,8.96,,,,,,,,,,,,,,,,,,,
283,5.83,5.84,5.87,6.02,6.16,6.31,6.33,6.36,6.38,6.39,,,,,,,,,,,,,,,,,,,
284,9.64,9.96,10.46,11.3,11.50,11.7,12.05,12.79,14.41,15.47,16.12,17.22,17.98,18.45,18.69,19.16,19.65,20.05,20.44,20.64,21.96,,,,,,,,
285,10.03,10.3,10.71,11.4,11.73,12.05,12.1,12.49,13.26,13.48,13.61,13.84,,,,,,,,,,,,,,,,,
286,5.29,5.35,5.43,5.58,5.72,5.86,5.89,5.9,5.9,,,,,,,,,,,,,,,,,,,,
287,8.45,8.78,9.03,9.66,9.98,10.3,10.51,10.58,10.62,10.67,10.7,,,,,,,,,,,,,,,,,,
288,9.88,10.06,10.27,10.8,11.00,11.2,11.65,11.74,12.96,13.73,14.14,14.83,15.42,15.76,15.93,16.27,16.7,,,,,,,,,,,,
289,8.55,8.83,9.03,9.56,9.83,10.1,10.11,10.64,11.87,12.74,13.25,14.09,14.57,15.25,15.59,16.27,16.99,17.56,18.13,18.41,20.02,21.25,21.87,22.47,23.33,24.81,25.82,26.07,26.55
29,10.48,10.94,11.25,11.55,11.89,12.22,12.4,12.84,13.76,15.03,15.11,15.18,15.87,16.11,16.23,16.47,16.75,16.96,17.17,17.27,17.49,17.62,,,,,,,
290,9.79,9.86,10.02,10.31,10.62,10.92,10.95,11.14,11.47,11.51,11.51,11.52,,,,,,,,,,,,,,,,,
291,10.38,10.55,10.91,11.5,11.72,11.95,12.2,12.69,13.76,14.73,14.94,15.13,,,,,,,,,,,,,,,,,
292,7.61,7.8,8,8.46,8.66,8.86,8.99,9.23,9.92,10.2,,,,,,,,,,,,,,,,,,,
293,8.95,9.17,9.43,9.91,10.16,10.4,10.61,11.29,12.76,13.58,14.37,15.78,16.58,17.10,17.36,17.87,18.49,18.99,19.50,19.75,21.07,21.55,21.87,22.27,,,,,
294,7.81,7.85,7.95,8.31,8.41,8.5,,,,,,,,,,,,,,,,,,,,,,,
295,12.11,12.65,13.08,13.94,14.25,14.55,15.24,17.06,19.74,21.65,22.48,23.74,24.59,25.67,26.21,27.3,28.67,29.81,30.96,31.53,34.59,36.92,38.65,41.29,43.9,46.97,49.85,49.9,50.67
296,9.24,9.47,9.62,10.01,10.46,10.9,10.96,11.79,13.06,13.68,,,,,,,,,,,,,,,,,,,
297,6.82,7.01,7.21,7.57,7.81,8.05,8.07,8.43,9.22,9.26,9.29,9.41,9.51,,,,,,,,,,,,,,,,
298,6.18,6.23,6.32,6.47,6.58,6.7,6.72,6.74,6.77,6.79,,,,,,,,,,,,,,,,,,,
299,5.34,5.44,5.48,5.64,5.71,5.78,5.84,5.94,5.99,6,6,,,,,,,,,,,,,,,,,,
3,9.49,9.86,10.27,10.95,11.40,11.85,12,12.74,13.81,14.53,15,15.78,16.17,16.41,16.53,16.77,16.9,16.97,17.04,17.08,17.47,17.51,,,,,,,
30,11.1,11.24,11.4,11.95,12.16,12.37,,,,,,,,,,,,,,,,,,,,,,,
300,3.85,4.02,,,,,,,,,,,,,,,,,,,,,,,,,,,
301,11.51,12.07,12.54,13.29,13.89,14.5,15.04,15.7,16.75,17.37,17.74,18.37,18.73,,,,,,,,,,,,,,,,
302,10.28,10.59,11.01,11.7,12.10,12.5,12.8,14.2,15.95,17.66,18.43,19.66,20.73,21.54,21.95,22.76,23.8,24.69,25.58,26.03,28.6,31.05,32.23,,,,,,
303,6.87,7.01,7.21,7.72,7.86,8,8.07,8.13,8.19,8.22,8.24,8.27,,,,,,,,,,,,,,,,,
304,8.4,8.49,8.54,8.66,8.69,8.72,8.74,8.76,8.8,,,,,,,,,,,,,,,,,,,,
305,6.28,6.38,6.52,6.97,7.11,7.25,7.32,7.47,7.63,7.71,7.8,,,,,,,,,,,,,,,,,,
306,6.97,7.06,,,,,,,,,,,,,,,,,,,,,,,,,,,
307,11.27,11.72,12.44,12.95,13.45,13.95,14.29,15.7,17.7,19.7,20.44,21.5,22.48,23.17,23.52,24.21,25.09,25.84,26.59,26.97,29.1,30.75,31.88,33.5,35.24,37.17,38.77,38.96,39.64
308,9.09,9.27,9.62,10.06,10.48,10.9,10.96,11.54,12.36,12.64,,,,,,,,,,,,,,,,,,,
309,10.67,11.09,11.55,12.15,12.80,13.45,13.69,14.95,16.35,17.66,18.48,19.86,20.73,21.28,21.56,22.11,22.71,23.19,23.67,23.91,25.31,26.17,26.4,26.9,,,,,
31,8.96,9.05,9.18,9.71,9.86,10,10.06,10.48,11.32,11.64,11.96,12.54,12.82,13.04,13.15,13.38,13.53,13.60,13.67,13.71,13.88,,,,,,,,
310,6.38,6.5,6.61,6.87,6.93,6.99,,,,,,,,,,,,,,,,,,,,,,,
311,5.98,6.23,6.37,6.47,6.66,6.85,6.97,7.68,8.08,8.21,8.24,8.26,,,,,,,,,,,,,,,,,
312,9.39,9.52,9.58,9.76,9.79,9.82,9.83,9.84,9.85,9.85,,,,,,,,,,,,,,,,,,,
313,5.07,5.07,,,,,,,,,,,,,,,,,,,,,,,,,,,
314,3.95,3.97,3.98,4,4.02,4.03,4.05,4.11,,,,,,,,,,,,,,,,,,,,,
315,10.43,10.59,10.66,10.9,11.02,11.14,11.16,11.21,11.3,,,,,,,,,,,,,,,,,,,,
316,6.99,6.99,,,,,,,,,,,,,,,,,,,,,,,,,,,
317,6.13,6.33,6.47,7.02,7.21,7.4,7.52,7.98,8.43,8.64,8.72,8.86,,,,,,,,,,,,,,,,,
318,9.74,10.01,10.41,11.45,11.82,12.2,12.5,13.39,14.91,15.97,16.29,16.58,16.63,,,,,,,,,,,,,,,,
319,9.44,9.91,10.17,10.95,11.12,11.3,11.6,12.14,13.26,14.03,14.22,14.44,14.72,14.84,14.90,15.02,,,,,,,,,,,,,
32,7.66,7.85,7.95,8.17,8.23,8.29,8.32,8.38,8.58,8.7,8.74,8.83,,,,,,,,,,,,,,,,,
320,11.56,12.02,12.68,13.44,13.82,14.2,14.29,15.6,17.6,19.26,20.12,21.55,22.73,23.54,23.94,24.75,25.75,26.63,27.52,27.96,30.95,33.19,34.27,36.95,38.59,40.6,42.2,42.66,42.96
321,10.13,10.35,10.66,10.95,11.30,11.65,11.75,12.74,14.11,15.23,15.69,16.38,16.93,17.29,17.47,17.82,18.08,18.23,18.38,18.46,,,,,,,,,
322,6.03,6.28,6.61,7.12,7.31,7.5,7.52,7.88,8.53,8.67,8.7,,,,,,,,,,,,,,,,,,
323,5.49,5.53,5.61,5.83,5.87,5.9,5.91,5.92,,,,,,,,,,,,,,,,,,,,,
324,6.08,6.17,6.27,6.62,6.73,6.85,6.87,6.92,6.95,6.96,6.96,6.97,,,,,,,,,,,,,,,,,
325,11.71,11.87,12.19,12.75,13.20,13.65,13.84,14.45,15.95,17.12,17.61,18.32,18.73,19.16,19.38,19.81,20.45,21.00,21.55,21.83,23.11,24.43,25.35,26.6,27.86,29.81,31.26,31.54,32.22
326,9.93,10.01,10.22,11.25,11.53,11.8,11.82,11.84,11.87,11.88,11.89,11.89,,,,,,,,,,,,,,,,,
327,9.88,10.15,10.56,11.1,11.47,11.85,12,12.49,13.96,14.93,15.38,16.08,16.58,16.98,17.18,17.57,17.95,18.23,18.52,18.66,19.57,,,,,,,,
328,10.82,10.94,11.06,11.65,11.73,11.82,,,,,,,,,,,,,,,,,,,,,,,
329,11.07,11.48,11.8,12.4,12.75,13.1,13.49,14.05,14.21,14.23,14.28,14.39,14.42,,,,,,,,,,,,,,,,
33,13,13.34,13.82,14.64,15.17,15.7,15.93,17.76,20.19,22.39,23.45,25.09,26.09,26.93,27.35,28.2,29.23,30.07,30.91,31.33,33.5,35.23,36.16,37.44,38.39,39.72,41.09,41.19,41.2
330,13.59,14.03,14.51,15.44,15.87,16.3,16.48,16.86,17.6,18.26,18.58,19.12,19.58,19.95,20.14,20.51,20.86,21.13,21.40,21.53,22.46,22.84,22.91,,,,,,
331,7.51,7.65,7.8,8.12,8.16,8.2,,,,,,,,,,,,,,,,,,,,,,,
332,8.06,8.14,8.27,8.66,8.88,9.1,9.16,9.38,9.57,9.75,9.76,9.76,,,,,,,,,,,,,,,,,
333,5.73,5.74,5.77,5.88,5.97,6.06,6.08,6.09,6.09,6.1,6.1,,,,,,,,,,,,,,,,,,
334,10.82,10.94,11.06,11.25,11.41,11.57,,,,,,,,,,,,,,,,,,,,,,,
335,14.97,15.65,16.39,16.98,17.54,18.1,19.07,20.62,22.83,24.93,26.01,27.63,28.19,28.83,29.15,29.8,30.55,31.22,31.89,32.22,34.54,36.07,36.71,38.63,39.97,41.58,43.05,43.47,43.74
336,5.39,5.49,5.58,5.73,5.83,5.93,5.95,5.97,6.08,6.13,6.14,6.17,,,,,,,,,,,,,,,,,
337,10.58,10.89,11.3,12,12.16,12.32,,,,,,,,,,,,,,,,,,,,,,,
338,14.28,14.67,15.3,16.43,17.02,17.6,18.08,19.31,20.99,22.39,23.18,24.39,24.74,25.22,25.46,25.95,26.41,26.75,27.10,27.27,28.35,28.81,28.99,29.36,29.63,30.2,30.55,30.66,30.75
339,16.7,16.82,17.37,18.12,18.54,18.95,19.07,19.97,21.49,22.94,23.63,24.69,25.39,25.95,26.23,26.8,27.24,27.55,27.86,28.01,29.3,30.35,31.08,32.42,,,,,
34,8.3,8.58,8.64,8.96,9.11,9.26,9.26,9.28,9.77,10.25,,,,,,,,,,,,,,,,,,,
340,7.48,7.52,7.6,7.97,8.09,8.21,8.21,8.22,8.23,8.23,8.23,,,,,,,,,,,,,,,,,,
341,6.18,6.38,6.47,6.87,7.04,7.2,7.27,7.52,7.88,7.91,7.93,7.96,,,,,,,,,,,,,,,,,
342,6.77,6.87,,,,,,,,,,,,,,,,,,,,,,,,,,,
343,12.06,12.51,12.88,13.79,14.24,14.7,15.09,16.15,17.95,19.41,20.15,21.31,21.93,22.34,22.55,22.96,23.41,23.79,24.16,24.35,25.51,26.32,26.65,26.8,27.46,28.44,29.18,29.2,29.29
344,6.92,7.01,7.11,7.27,7.30,7.34,,,,,,,,,,,,,,,,,,,,,,,
345,7.76,7.85,8.09,8.81,9.05,9.3,9.31,9.58,10.02,10.15,10.22,10.3,10.32,,,,,,,,,,,,,,,,
346,5.44,5.54,5.58,5.88,5.99,6.1,6.17,6.18,6.19,6.19,,,,,,,,,,,,,,,,,,,
347,8.62,8.62,,,,,,,,,,,,,,,,,,,,,,,,,,,
348,12.85,13.19,13.87,14.54,15.04,15.55,15.93,17.36,18.8,20.15,20.93,22.15,22.68,23.35,23.69,24.36,25.2,25.87,26.54,26.87,28.4,29.9,30.63,32.12,33.96,36.09,38.28,38.38,38.56
349,4.74,4.9,5.03,5.18,5.28,5.38,5.39,5.4,5.4,,,,,,,,,,,,,,,,,,,,
35,4.15,4.22,4.29,4.48,4.54,4.6,4.63,,,,,,,,,,,,,,,,,,,,,,
350,12.55,12.9,13.33,14.14,14.37,14.6,14.79,15.55,17.6,18.76,19.48,20.66,21.28,21.89,22.20,22.81,23.72,24.53,25.34,25.74,27.91,29.46,30.43,31.04,31.4,31.97,32.61,32.83,33
351,4.3,4.56,5.03,5.68,5.89,6.11,6.3,7.02,9.52,10.3,,,,,,,,,,,,,,,,,,,
352,4.69,4.81,4.88,4.93,4.95,4.96,4.97,4.98,5,,,,,,,,,,,,,,,,,,,,
353,9.14,9.22,9.62,10.21,10.48,10.75,10.76,11.29,12.36,13.34,13.82,14.59,15.02,15.46,15.68,16.12,16.42,16.56,16.71,16.78,17.07,,,,,,,,
354,6.18,6.52,6.81,7.47,7.50,7.54,,,,,,,,,,,,,,,,,,,,,,,
355,8.1,8.19,8.64,8.91,9.18,9.45,9.56,10.18,11.47,12.49,13.01,13.89,14.72,15.30,15.59,16.17,16.82,17.36,17.89,18.16,19.77,21.15,21.82,,,,,,
356,9.24,9.52,9.77,10.51,10.73,10.95,11.1,11.69,13.11,14.38,15.17,16.53,17.58,18.51,18.98,19.91,21.29,22.45,23.62,24.2,27.01,29.56,31.13,34.49,37.7,40.11,43.12,43.76,43.93
357,8.25,8.44,8.74,9.26,9.50,9.74,9.8,9.83,,,,,,,,,,,,,,,,,,,,,
358,7.51,7.55,7.8,8.07,8.34,8.6,8.96,8.97,8.98,8.98,8.98,8.98,,,,,,,,,,,,,,,,,
359,7.14,7.14,,,,,,,,,,,,,,,,,,,,,,,,,,,
36,5.34,5.49,5.58,5.88,5.90,5.92,5.94,5.97,5.99,6,6,,,,,,,,,,,,,,,,,,
361,11.66,12.02,12.39,13.19,13.32,13.46,13.58,13.95,14.11,14.13,14.2,,,,,,,,,,,,,,,,,,
362,10.03,10.2,10.37,10.95,11.22,11.5,11.6,12.24,13.66,14.73,15.19,15.83,16.02,16.28,16.41,16.67,16.74,16.76,16.77,16.78,,,,,,,,,
363,5.44,5.62,5.67,5.68,5.71,5.73,,,,,,,,,,,,,,,,,,,,,,,
364,3.46,3.68,3.75,3.98,4.05,4.12,4.15,4.16,4.19,,,,,,,,,,,,,,,,,,,,
365,6.87,6.92,7.06,7.12,7.24,7.36,7.4,7.42,,,,,,,,,,,,,,,,,,,,,
366,5.24,5.3,5.53,6.17,6.31,6.46,6.67,8.43,10.77,,,,,,,,,,,,,,,,,,,,
367,8.15,8.39,8.59,9.16,9.48,9.8,9.96,10.43,11.47,12.04,12.48,13.24,13.57,13.73,13.81,13.97,13.99,14.00,14.01,14.01,14.18,,,,,,,,
368,12.6,12.75,13.08,13.59,13.81,14.03,14.21,14.6,15.26,15.62,15.77,15.98,16.17,16.25,16.29,16.37,,,,,,,,,,,,,
369,11.12,11.38,11.6,12.2,12.38,12.57,,,,,,,,,,,,,,,,,,,,,,,
37,8.06,8.14,8.34,8.76,8.96,9.15,9.26,9.38,9.87,9.99,10.01,10.01,,,,,,,,,,,,,,,,,
370,11.61,12.12,12.68,13.36,13.53,13.7,13.88,14.25,15.56,16.62,16.91,17.22,17.48,17.72,17.84,18.07,18.29,18.44,18.59,18.66,18.87,,,,,,,,
371,9.88,10.01,10.12,10.46,10.63,10.8,10.86,10.87,10.88,10.89,10.9,,,,,,,,,,,,,,,,,,
372,8.4,8.49,,,,,,,,,,,,,,,,,,,,,,,,,,,
373,8.84,8.85,8.88,9.06,9.33,9.6,9.96,10.53,11.62,12.29,12.46,12.59,12.62,,,,,,,,,,,,,,,,
374,6.18,6.38,6.52,6.92,7.06,7.2,7.22,7.58,8.23,8.46,8.51,8.56,,,,,,,,,,,,,,,,,
375,7.17,7.26,7.45,7.77,7.78,7.78,7.79,7.79,7.79,7.8,7.8,,,,,,,,,,,,,,,,,,
376,6.28,6.43,6.47,7.07,7.24,7.4,7.47,7.88,8.77,9.35,9.4,,,,,,,,,,,,,,,,,,
377,10.77,11.04,11.15,11.55,11.66,11.77,11.78,11.79,11.8,,,,,,,,,,,,,,,,,,,,
378,9.74,9.81,10.17,10.95,11.06,11.17,,,,,,,,,,,,,,,,,,,,,,,
379,13.79,14.13,14.61,15.19,15.50,15.8,16.08,17.76,20.09,22.29,23.08,24.14,24.89,25.57,25.91,26.6,27.38,28.01,28.64,28.95,30.8,32.19,32.92,33.9,35.24,36.68,37.78,38.15,38.47
38,7.68,7.68,,,,,,,,,,,,,,,,,,,,,,,,,,,
380,7.66,7.7,7.8,7.97,8.04,8.11,8.17,,,,,,,,,,,,,,,,,,,,,,
381,12.06,12.46,12.93,13.54,13.89,14.25,14.29,15,16.6,17.56,18.03,18.77,19.28,19.69,19.90,20.31,20.82,21.32,21.82,22.07,24.26,26.37,27.49,28.48,29.53,30.79,33.04,33.49,34.07
382,8.75,9.03,9.33,10.11,10.36,10.6,10.76,11.59,12.86,13.73,13.75,,,,,,,,,,,,,,,,,,
383,12.11,12.26,12.59,13.34,13.57,13.8,13.94,14.5,15.8,17.12,17.45,,,,,,,,,,,,,,,,,,
384,12.55,12.75,13.08,13.84,14.02,14.2,14.34,15,16.15,17.07,17.75,19.02,19.98,20.29,20.45,20.76,21.3,21.81,22.32,22.57,24.01,25.08,25.8,26.31,26.58,26.73,26.76,26.76,26.77
385,9.14,9.22,9.38,9.81,10.05,10.3,10.36,10.69,11.62,11.99,12.05,,,,,,,,,,,,,,,,,,
386,8.45,8.68,8.93,9.36,9.75,10.15,10.21,10.64,11.57,12.14,12.51,13.14,13.57,13.81,13.93,14.17,,,,,,,,,,,,,
387,6.28,6.3,6.32,6.37,6.38,6.4,6.41,6.42,6.53,6.67,,,,,,,,,,,,,,,,,,,
388,7.96,8.14,8.39,8.76,8.93,9.1,9.11,9.38,9.72,9.89,9.91,9.91,,,,,,,,,,,,,,,,,
389,6.82,6.84,6.86,6.97,7.04,7.1,7.12,7.17,7.18,,,,,,,,,,,,,,,,,,,,
39,8.85,9.03,9.33,9.96,10.21,10.45,10.51,10.84,11.67,12.09,12.19,12.3,12.42,12.42,12.42,12.43,12.43,12.43,12.43,12.43,,,,,,,,,
390,9.24,9.37,9.53,10.11,10.46,10.8,10.86,11.34,12.02,12.54,12.63,12.69,12.87,13.03,13.11,13.28,,,,,,,,,,,,,
391,9.49,9.56,9.72,10.01,10.05,10.09,10.11,,,,,,,,,,,,,,,,,,,,,,
392,9.98,10.2,10.51,11.45,11.88,12.3,12.45,13.09,14.56,15.57,16.1,17.02,17.93,18.64,19.00,19.71,20.49,21.08,21.67,21.97,23.56,24.68,25.35,26.31,27.76,29.62,31.16,31.44,31.92
393,8.95,9.17,9.53,10.41,10.73,11.05,11.2,11.69,12.71,13.53,13.95,,,,,,,,,,,,,,,,,,
394,6.33,6.38,6.56,7.02,7.29,7.55,7.57,7.78,8.28,8.56,8.7,8.96,,,,,,,,,,,,,,,,,
395,5.73,5.89,6.12,6.32,6.46,6.6,6.67,6.72,6.93,6.97,7.03,7.17,,,,,,,,,,,,,,,,,
396,9.24,9.61,10.12,11.3,11.70,12.1,12.25,13.24,15.11,16.22,16.96,18.27,19.23,19.84,20.15,20.76,21.5,22.08,22.67,22.96,24.36,25.63,26.2,26.41,,,,,
397,8.01,8.34,8.74,9.31,9.44,9.56,,,,,,,,,,,,,,,,,,,,,,,
398,9.88,10.25,10.66,11.15,11.43,11.7,12.05,13.34,14.66,15.57,16.02,16.68,16.88,17.04,17.12,17.27,,,,,,,,,,,,,
399,13.05,13.49,14.07,15.04,15.27,15.5,16.12,18.06,20.19,21.84,22.6,23.69,24.19,25.01,25.42,26.25,27.22,28.01,28.80,29.2,31.45,33.09,33.92,35.67,36.72,38.64,40.36,40.43,41.2
4,7.81,7.95,8.29,8.81,9.18,9.55,9.61,10.18,11.37,11.69,,,,,,,,,,,,,,,,,,,
40,11.27,11.72,11.99,12.75,13.07,13.4,13.59,14.15,15.9,17.27,17.88,18.87,19.73,20.30,20.59,21.16,21.85,22.41,22.98,23.26,24.86,25.77,26.7,27.29,,,,,
400,9.54,9.86,10.17,10.75,11.03,11.3,11.6,12.24,13.26,13.68,13.86,14.14,14.42,,,,,,,,,,,,,,,,
401,5.58,5.74,5.87,6.07,6.16,6.25,6.29,6.35,6.37,6.39,,,,,,,,,,,,,,,,,,,
402,9.24,9.52,9.82,10.26,10.61,10.95,11,11.44,12.56,13.04,13.24,13.54,13.67,,,,,,,,,,,,,,,,
403,8.99,9.56,9.97,10.61,11.08,11.55,11.65,12.89,14.61,16.02,16.46,17.02,17.53,18.07,18.34,18.87,19.56,20.11,20.66,20.94,22.06,22.84,22.99,23.2,23.53,23.93,24.51,24.59,24.6
404,8.65,8.98,9.33,10.06,10.30,10.55,10.66,11.29,12.11,12.74,12.78,12.79,12.87,,,,,,,,,,,,,,,,
405,4.55,4.57,4.65,4.93,4.98,5.03,,,,,,,,,,,,,,,,,,,,,,,
406,7.56,7.95,8.34,8.81,9.00,9.2,9.26,9.88,11.12,12.04,12.23,12.4,12.67,,,,,,,,,,,,,,,,
407,11.42,11.67,12.04,12.95,13.18,13.4,13.89,14.9,16.5,17.61,18.26,19.31,19.93,20.54,20.85,21.46,22.21,22.81,23.41,23.71,25.11,26.42,26.95,27.69,28.94,30.11,31.06,31.15,31.44
408,8.35,8.49,8.83,9.36,9.55,9.75,9.82,10.03,10.97,11.49,11.79,12.3,12.62,12.82,12.92,13.13,,,,,,,,,,,,,
409,9.13,9.14,9.18,9.76,10.03,10.3,10.46,10.79,11.77,12.49,12.8,13.29,13.77,14.01,14.13,14.37,14.8,15.20,15.59,15.79,16.87,17.76,17.94,18.03,,,,,
41,7.07,7.13,7.19,7.32,7.36,7.4,7.42,7.46,7.49,7.5,7.5,,,,,,,,,,,,,,,,,,
410,6.87,6.92,7.16,7.52,7.71,7.9,8.02,8.13,8.23,8.36,8.4,,,,,,,,,,,,,,,,,,
411,7.71,7.75,7.9,8.36,8.53,8.7,8.76,8.98,10.02,10.65,12.2,,,,,,,,,,,,,,,,,,
412,8.05,8.1,8.19,8.66,8.75,8.85,,,,,,,,,,,,,,,,,,,,,,,
413,7.51,7.65,7.75,8.12,8.31,8.5,8.81,8.98,9.42,9.55,9.7,,,,,,,,,,,,,,,,,,
414,10.28,10.35,10.61,11.15,11.53,11.9,12,12.69,13.96,15.23,15.95,17.22,18.38,19.21,19.63,20.46,21.33,22.00,22.67,23.01,25.01,26.32,26.95,27.79,28.25,29.26,29.67,29.68,29.68
415,10.63,10.84,11.15,11.5,11.75,12,12.2,12.69,13.66,14.38,14.75,15.38,16.02,16.42,16.62,17.02,17.38,17.62,17.85,17.97,18.47,18.71,18.74,18.75,,,,,
416,7.22,7.26,7.35,7.62,7.73,7.85,7.87,7.91,7.99,8.06,8.1,,,,,,,,,,,,,,,,,,
417,4.4,4.5,4.6,4.78,4.80,4.82,4.84,4.86,4.88,4.89,,,,,,,,,,,,,,,,,,,
418,8.4,8.53,8.69,9.06,9.28,9.5,9.61,10.03,10.82,10.95,11.1,,,,,,,,,,,,,,,,,,
419,3.76,3.92,3.95,4.03,4.12,4.22,4.26,4.31,,,,,,,,,,,,,,,,,,,,,
42,7.56,7.8,7.9,8.12,8.46,8.8,9.01,9.09,9.15,9.17,,,,,,,,,,,,,,,,,,,
420,8.06,8.29,8.44,8.96,9.11,9.25,9.31,9.68,10.17,10.31,10.34,10.39,10.42,,,,,,,,,,,,,,,,
421,11.91,12.16,12.54,13.29,13.54,13.8,14.24,15.45,17.1,18.31,19.21,20.81,21.88,22.65,23.04,23.81,24.73,25.47,26.21,26.58,28.5,29.66,30.33,31.24,32.29,33.15,34.12,34.46,34.76
422,8.5,8.63,8.88,9.36,9.65,9.95,9.96,10.28,11.07,11.44,11.7,,,,,,,,,,,,,,,,,,
423,7.22,7.41,7.5,7.82,8.01,8.2,8.22,8.33,8.77,8.86,8.88,8.91,8.96,,,,,,,,,,,,,,,,
424,9.44,9.66,9.87,10.36,10.63,10.9,11,11.34,12.21,12.59,12.9,,,,,,,,,,,,,,,,,,
425,6.47,6.52,6.71,7.12,7.29,7.45,7.47,7.63,8.08,8.15,8.16,,,,,,,,,,,,,,,,,,
426,5.54,5.69,5.82,6.07,6.18,6.29,,,,,,,,,,,,,,,,,,,,,,,
427,7.41,7.5,7.65,8.07,8.19,8.31,8.48,8.98,9.32,9.35,9.45,,,,,,,,,,,,,,,,,,
428,7.76,7.99,8.09,8.41,8.61,8.8,8.81,8.88,9.37,9.55,9.6,,,,,,,,,,,,,,,,,,
429,8.01,8.09,8.19,8.66,8.88,9.1,9.11,9.48,10.32,10.85,11.04,11.3,11.52,11.70,11.79,11.98,,,,,,,,,,,,,
43,6.52,6.96,7.11,7.32,7.46,7.61,7.65,7.73,8.23,8.42,8.47,8.56,,,,,,,,,,,,,,,,,
430,7.31,7.46,7.65,8.12,8.26,8.4,8.56,9.08,10.12,10.55,10.8,,,,,,,,,,,,,,,,,,
431,7.61,7.75,8,8.41,8.63,8.85,9.01,9.43,10.47,11.05,11.29,11.7,12.22,12.54,12.70,13.03,13.21,13.29,13.37,13.41,,,,,,,,,
432,6.52,6.62,6.66,7.02,7.16,7.3,7.32,7.63,8.18,8.31,8.35,8.41,,,,,,,,,,,,,,,,,
433,6.87,7.01,7.35,7.82,8.01,8.2,8.22,8.73,9.67,9.95,10.01,10.06,10.17,10.21,10.23,10.28,,,,,,,,,,,,,
434,6.08,6.23,6.27,6.57,6.71,6.85,7.02,7.22,7.41,7.51,7.56,7.65,,,,,,,,,,,,,,,,,
435,6.97,7.06,7.11,7.47,7.50,7.54,,,,,,,,,,,,,,,,,,,,,,,
436,10.23,10.45,10.91,11.45,11.72,12,12.6,13.7,15.41,17.42,18.43,20.11,21.53,22.60,23.14,24.21,25.62,26.88,28.13,28.76,32.65,34.93,36.36,39.12,41.15,43.54,45.46,46.11,46.67
437,9.24,9.52,9.87,10.56,10.83,11.1,11.4,11.94,12.91,13.48,13.67,13.94,,,,,,,,,,,,,,,,,
438,6.52,6.57,6.62,6.72,6.78,6.84,6.85,6.86,6.87,6.89,6.9,,,,,,,,,,,,,,,,,,
439,9.54,9.71,9.92,10.51,10.75,11,11.1,11.49,12.31,12.64,12.7,12.74,12.82,,,,,,,,,,,,,,,,
44,8.99,9.03,9.33,9.81,9.96,10.11,,,,,,,,,,,,,,,,,,,,,,,
440,4.35,4.37,4.39,4.43,4.51,4.6,4.61,4.62,,,,,,,,,,,,,,,,,,,,,
441,6.47,6.57,,,,,,,,,,,,,,,,,,,,,,,,,,,
442,12.95,13.19,13.57,14.29,14.64,15,15.09,15.8,16.9,17.96,18.21,18.47,18.83,19.18,19.36,19.71,19.9,19.96,20.01,20.04,20.15,20.26,,,,,,,
443,8.4,8.44,8.69,9.11,9.30,9.5,9.61,9.68,9.87,10.05,10.13,10.25,,,,,,,,,,,,,,,,,
444,9.74,10.01,10.32,11,11.25,11.5,11.75,12.34,13.56,14.43,14.83,15.48,16.07,16.35,16.49,16.77,16.97,17.09,17.21,17.27,17.72,,,,,,,,
445,3.31,3.39,3.45,3.55,3.58,3.6,,,,,,,,,,,,,,,,,,,,,,,
446,11.76,12.12,12.64,13.64,13.96,14.29,14.55,16.3,18.15,19.46,20.2,21.41,22.13,22.76,23.08,23.71,24.56,25.37,26.18,26.58,29.45,30.9,32.63,34,34.95,,,,
447,5.54,5.64,5.68,5.73,5.84,5.95,5.98,5.99,6,,,,,,,,,,,,,,,,,,,,
448,6.72,6.96,7.06,7.72,7.88,8.05,8.27,8.83,9.52,9.8,9.81,9.81,,,,,,,,,,,,,,,,,
449,5.98,6.03,6.12,6.47,6.61,6.75,6.77,6.87,6.93,6.97,7,,,,,,,,,,,,,,,,,,
45,12.45,13.05,13.38,14.04,14.32,14.6,14.64,14.95,15.95,16.67,17,17.47,17.63,17.75,17.81,17.92,18,18.04,18.09,18.11,18.32,,,,,,,,
450,5.71,5.71,,,,,,,,,,,,,,,,,,,,,,,,,,,
451,7.96,8.04,8.09,8.41,8.48,8.56,8.57,8.58,8.58,8.61,8.69,8.91,,,,,,,,,,,,,,,,,
452,7.02,7.11,7.21,7.72,7.88,8.05,8.12,8.34,8.59,8.66,8.68,8.69,8.7,8.70,8.70,8.7,,,,,,,,,,,,,
453,6.92,7.06,7.3,7.92,8.02,8.11,8.15,8.2,8.25,8.26,8.28,8.31,,,,,,,,,,,,,,,,,
454,14.97,15.4,15.99,16.68,16.94,17.2,17.83,19.72,21.79,23.49,24.58,26.43,27.54,28.68,29.25,30.39,31.63,32.54,33.45,33.9,35.84,37.12,38.65,40.89,42.43,44.13,46.11,46.68,47.06
455,5.14,5.25,5.28,5.58,5.62,5.67,5.7,,,,,,,,,,,,,,,,,,,,,,
456,9.24,9.47,9.67,10.61,10.86,11.1,11.2,11.64,12.46,12.89,13.08,13.34,13.42,,,,,,,,,,,,,,,,
457,7.91,8.09,8.49,9.31,9.61,9.9,10.01,10.69,12.16,12.69,,,,,,,,,,,,,,,,,,,
458,5.93,6.13,6.17,6.52,6.62,6.73,6.75,6.77,6.83,6.92,6.98,7.07,,,,,,,,,,,,,,,,,
459,7.71,7.9,8.19,8.86,9.08,9.3,9.31,10.13,11.47,12.19,12.65,13.44,13.92,14.34,14.55,14.97,15.47,15.87,16.28,16.48,17.62,18.61,19.03,19.71,20.28,20.79,21.46,21.48,21.48
46,9.93,10.2,10.46,11.1,11.45,11.8,11.9,12.04,12.31,12.79,,,,,,,,,,,,,,,,,,,
460,5.04,5.05,5.06,5.13,5.23,5.33,5.35,5.37,,,,,,,,,,,,,,,,,,,,,
461,9.93,10.1,10.37,11,11.25,11.5,11.6,12.09,13.31,14.03,14.49,15.23,15.57,15.77,15.87,16.07,16.27,16.41,16.56,16.63,,,,,,,,,
462,12.35,12.8,13.33,14.04,14.32,14.6,15.24,16.45,18.1,19.16,19.62,20.36,21.08,21.73,22.06,22.71,23.5,,,,,,,,,,,,
463,7.29,7.29,,,,,,,,,,,,,,,,,,,,,,,,,,,
464,9.69,9.76,9.82,10.31,10.46,10.6,10.61,10.79,11.17,11.25,11.45,11.9,11.97,,,,,,,,,,,,,,,,
465,7.41,7.6,7.9,8.17,8.26,8.35,,,,,,,,,,,,,,,,,,,,,,,
466,9.59,9.71,9.77,10.06,10.18,10.3,10.36,10.74,11.62,12.04,12.2,12.44,12.67,12.77,12.82,12.93,,,,,,,,,,,,,
467,7.21,7.34,7.5,8.12,8.34,8.55,8.61,9.23,10.62,11.39,11.85,12.59,12.97,13.27,13.42,13.72,14.08,14.33,14.58,14.7,14.98,,,,,,,,
468,8.45,8.58,8.69,9.06,9.16,9.25,9.26,9.58,10.37,10.56,10.62,,,,,,,,,,,,,,,,,,
469,13.44,13.64,14.12,15.04,15.27,15.5,15.98,16.81,18.6,20.25,20.95,21.95,22.58,23.15,23.44,24.01,24.69,25.27,25.84,26.13,27.81,29.21,29.24,30.25,31.4,32.56,33.42,33.68,33.88
47,12.01,12.31,12.78,13.14,13.77,14.4,14.59,15.3,17.1,18.31,18.75,19.41,20.23,20.64,20.85,21.26,21.76,22.16,22.57,22.77,23.71,24.73,25.2,25.32,,,,,
470,7.76,7.8,8,8.36,8.46,8.55,,,,,,,,,,,,,,,,,,,,,,,
471,12.16,12.51,12.88,13.84,14.14,14.45,14.79,15.35,17,18.31,18.94,19.86,20.28,20.65,20.84,21.21,21.77,22.25,22.72,22.96,24.11,24.88,25,25.23,,,,,
472,5.88,5.98,6.07,6.67,6.98,7.3,7.47,,,,,,,,,,,,,,,,,,,,,,
473,11.07,11.38,11.75,12.4,12.73,13.05,13.4,13.95,15.36,16.32,16.82,17.62,18.18,18.67,18.92,19.41,19.83,20.11,20.40,20.54,21.37,21.74,21.78,21.8,,,,,
474,13.59,14.67,15.45,16.68,16.99,17.3,17.33,18.36,20.09,21.6,22.52,24.04,24.89,25.71,26.12,26.95,27.81,28.47,29.12,29.45,31.3,32.99,34.42,36.56,38.19,40.4,42.02,42.43,42.66
475,10.13,10.45,10.76,11.5,11.78,12.05,12.15,12.39,12.96,13.43,13.47,13.49,,,,,,,,,,,,,,,,,
476,12.06,12.41,12.73,13.59,13.95,14.3,14.39,15.15,16.45,17.52,18.21,19.41,20.18,21.05,21.49,22.36,23.25,23.95,24.64,24.99,27.16,28.71,29.59,30.15,30.81,31.19,32.05,32.28,32.41
477,11.27,11.67,11.8,12.4,12.65,12.9,13,13.19,14.21,15.03,15.48,16.23,16.73,17.41,17.75,18.42,19.03,19.45,19.88,20.09,,,,,,,,,
478,9.54,9.66,9.97,10.46,10.63,10.8,10.86,11.14,11.92,12.29,12.43,12.64,12.92,,,,,,,,,,,,,,,,
479,7.91,8.14,8.44,8.91,9.11,9.31,9.45,9.78,10.47,10.85,10.93,11,11.17,,,,,,,,,,,,,,,,
48,8.1,8.29,8.54,9.31,9.49,9.67,9.75,10.59,11.97,12.99,13.42,14.09,14.62,14.94,15.10,15.42,15.69,15.87,16.04,16.13,,,,,,,,,
480,5.29,5.44,5.52,5.58,5.61,5.63,5.63,,,,,,,,,,,,,,,,,,,,,,
481,9.74,9.96,10.12,10.61,10.72,10.84,10.86,10.94,11.42,11.79,12.16,12.84,13.17,13.59,13.80,14.22,14.82,15.34,15.87,16.13,17.62,18.96,19.48,,,,,,
482,9.04,9.32,9.62,10.06,10.28,10.5,10.81,11.99,13.76,15.62,16.55,,,,,,,,,,,,,,,,,,
483,9.74,9.76,9.92,10.51,10.71,10.9,11,11.19,12.36,12.54,12.85,13.59,14.02,14.38,14.56,14.92,15.25,,,,,,,,,,,,
484,9.34,9.52,9.62,10.26,10.53,10.8,10.91,11.24,12.56,13.53,14.04,14.83,15.32,15.90,16.19,16.77,17.24,17.55,17.86,18.02,18.92,19.31,,,,,,,
485,9.54,9.61,10.02,10.41,10.73,11.05,11.2,11.69,11.87,11.94,11.96,12,12.07,,,,,,,,,,,,,,,,
486,10.18,10.5,10.96,11.65,12.00,12.35,12.65,12.79,,,,,,,,,,,,,,,,,,,,,
487,12.11,12.26,12.64,13.44,13.70,13.95,13.99,14.7,16.4,17.42,17.72,18.07,18.23,,,,,,,,,,,,,,,,
488,11.37,11.87,12.24,13.09,13.39,13.7,13.74,13.9,15.06,16.32,16.56,16.73,17.08,,,,,,,,,,,,,,,,
489,22.09,22.56,23.35,24.65,25.40,26.15,27.24,28.14,28.92,30.85,31.65,32.95,34.4,35.39,35.89,36.88,37.99,38.85,39.71,40.14,42.38,44.19,44.98,46.8,48.33,50.31,50.85,50.94,51.06
49,7.51,7.85,7.95,8.46,8.68,8.9,9.08,9.58,10.57,10.95,11.08,11.3,11.62,,,,,,,,,,,,,,,,
490,7.86,7.95,8.09,8.31,8.41,8.51,8.52,8.53,8.58,8.6,8.61,8.63,,,,,,,,,,,,,,,,,
491,8.55,8.78,8.98,9.41,9.68,9.95,9.96,10.23,11.12,11.69,11.9,12.25,12.72,13.12,13.32,13.72,14.04,14.22,14.41,14.5,14.93,,,,,,,,
492,10.28,10.4,10.76,11.5,11.72,11.95,12.16,12.69,14.01,15.33,15.8,,,,,,,,,,,,,,,,,,
493,9.24,9.27,9.33,10.01,10.14,10.28,10.28,10.3,10.39,10.55,10.66,10.85,,,,,,,,,,,,,,,,,
494,11.22,11.53,11.9,12.45,12.71,12.96,13.09,13.44,14.46,15.67,15.9,,,,,,,,,,,,,,,,,,
495,7.76,7.85,7.95,8.41,8.45,8.49,8.53,8.58,8.64,8.66,8.67,8.68,,,,,,,,,,,,,,,,,
496,11.22,11.48,11.9,12.55,12.96,13.36,13.57,14,15.21,16.57,16.85,,,,,,,,,,,,,,,,,,
497,10.38,10.74,11.06,11.9,12.07,12.25,12.34,12.54,13.41,13.88,14.02,14.19,14.32,,,,,,,,,,,,,,,,
498,6.59,6.64,6.68,6.77,6.83,6.9,6.91,6.92,,,,,,,,,,,,,,,,,,,,,
499,8.5,8.53,8.64,9.06,9.21,9.36,9.39,9.41,9.42,9.42,9.43,9.46,,,,,,,,,,,,,,,,,
5,11.02,11.23,11.85,12.85,13.10,13.35,13.49,14.3,15.8,17.07,17.72,18.77,19.53,20.14,20.45,21.06,21.85,22.49,23.14,23.46,25.01,25.82,26.25,27.59,28.45,29.52,30.46,30.56,30.66
50,4.4,4.56,4.67,4.78,4.81,4.84,4.85,4.87,4.9,,,,,,,,,,,,,,,,,,,,
500,16.65,16.92,17.52,18.27,18.76,19.25,19.42,20.52,22.19,23.83,24.75,26.23,27.09,27.97,28.41,29.3,30.47,31.45,32.42,32.91,35.34,37.47,38.35,40.3,41.64,43.84,44.94,45.4,45.89
501,7.36,7.36,,,,,,,,,,,,,,,,,,,,,,,,,,,
502,8.99,9.17,9.38,10.06,10.26,10.46,10.6,10.89,11.67,12.04,12.08,12.1,12.17,,,,,,,,,,,,,,,,
503,5.49,5.59,5.68,6.07,6.21,6.35,6.44,6.62,6.65,6.66,6.67,6.67,,,,,,,,,,,,,,,,,
504,12.35,12.46,12.78,13.34,13.67,14,14.24,14.36,14.45,14.48,,,,,,,,,,,,,,,,,,,
505,11.17,11.38,11.8,12.65,13.03,13.4,13.54,14.05,15.51,16.57,17.13,17.97,18.23,18.66,18.88,19.31,19.78,20.16,20.55,20.74,22.01,22.84,23.26,,,,,,
506,6.38,6.47,6.76,7.02,7.16,7.3,7.32,7.37,7.44,7.48,7.52,7.72,,,,,,,,,,,,,,,,,
507,14.23,14.52,14.86,15.98,16.37,16.75,16.78,17.56,18.6,19.75,20.1,20.51,20.78,21.17,21.37,21.76,22.09,22.34,22.59,22.72,23.76,24.78,25.3,26.51,27.37,28.64,28.68,28.82,29.05
508,8.65,8.93,9.13,9.56,10.03,10.5,10.76,11.14,12.36,12.99,13.17,13.39,13.57,13.69,13.75,13.87,,,,,,,,,,,,,
509,10.38,10.69,10.96,11.7,11.89,12.09,12.24,12.74,14.11,14.93,15.31,15.88,16.17,16.25,16.29,16.37,16.46,16.55,16.64,16.68,17.12,,,,,,,,
51,5.83,5.93,6.12,6.37,6.41,6.45,6.47,6.92,7.18,7.24,7.25,7.37,,,,,,,,,,,,,,,,,
510,6.87,6.88,6.91,7.12,7.26,7.4,7.47,7.56,7.65,7.67,7.67,7.67,,,,,,,,,,,,,,,,,
511,9.69,9.91,10.32,10.7,11.00,11.3,11.65,11.74,12.16,12.29,12.4,,,,,,,,,,,,,,,,,,
512,8.95,9.17,9.48,10.11,10.43,10.75,10.86,11.44,12.61,13.39,13.81,14.54,15.07,15.47,15.67,16.07,16.31,16.42,16.53,16.58,,,,,,,,,
513,6.38,6.47,6.66,7.02,7.11,7.19,7.21,7.22,7.28,7.41,7.5,,,,,,,,,,,,,,,,,,
514,12.6,13.05,13.52,14.64,15.02,15.4,15.93,17.41,19.49,21.65,22.64,24.24,25.59,26.51,26.97,27.9,29.01,29.92,30.83,31.28,33.7,36.27,37.16,40.01,41.94,45.11,47.87,48.04,48.72
515,12.8,13.19,13.62,14.44,14.75,15.05,15.49,15.95,17.25,18.21,18.78,19.71,20.28,20.63,20.81,21.16,21.5,21.77,22.04,22.17,23.16,23.78,,,,,,,
516,4.74,4.86,,,,,,,,,,,,,,,,,,,,,,,,,,,
517,7.76,7.85,8.05,8.56,8.75,8.93,9.02,9.13,9.57,9.7,9.76,9.86,,,,,,,,,,,,,,,,,
518,7.12,7.16,7.26,7.62,7.76,7.9,7.97,8,8.02,8.03,8.06,8.21,,,,,,,,,,,,,,,,,
519,7.26,7.36,7.45,7.52,7.71,7.9,7.97,7.98,7.99,7.99,,,,,,,,,,,,,,,,,,,
52,11.42,11.72,12.09,13,13.30,13.6,13.75,14.15,15.36,16.22,16.7,17.52,18.18,18.65,18.89,19.36,19.85,20.21,20.56,20.74,21.67,22.29,22.71,,,,,,
520,9.69,9.91,10.37,11.35,11.72,12.1,12.25,13.19,15.01,16.12,16.85,18.12,19.03,19.66,19.98,20.61,21.41,22.07,22.73,23.06,24.81,26.07,26.9,29.07,30.52,33.93,36.7,37.01,37.78
521,7.8,7.82,7.85,7.97,8.04,8.12,8.19,,,,,,,,,,,,,,,,,,,,,,
522,11.32,11.48,11.85,12.75,12.97,13.2,13.44,14.3,16.05,17.27,17.79,18.57,19.08,19.49,19.70,20.11,20.56,20.89,21.22,21.38,22.16,22.39,,,,,,,
523,6.57,6.62,6.86,7.02,7.16,7.3,7.32,7.37,7.58,7.66,7.7,,,,,,,,,,,,,,,,,,
524,10.18,10.4,10.76,11.45,11.72,12,12.4,12.99,14.46,15.13,15.45,15.93,16.07,16.11,16.13,16.17,16.23,16.29,16.35,16.38,,,,,,,,,
525,8.06,8.19,8.44,9.11,9.33,9.55,9.66,10.13,11.37,12.29,12.67,13.24,13.72,14.00,14.14,14.42,,,,,,,,,,,,,
526,10.03,10.3,10.61,11.5,11.85,12.2,12.3,12.33,12.35,12.38,12.45,12.79,,,,,,,,,,,,,,,,,
527,8.8,8.88,9.08,9.31,9.50,9.69,9.76,9.83,9.85,9.86,,,,,,,,,,,,,,,,,,,
528,12.26,12.61,13.03,13.74,14.07,14.4,15.04,15.6,17.4,19.11,19.86,21.06,22.18,23.01,23.43,24.26,25.32,26.20,27.08,27.52,29.75,31.9,33.02,35.57,37.41,40.01,42.93,43.45,44.52
529,8.2,8.34,8.54,9.06,9.21,9.37,9.44,9.98,10.52,10.6,10.65,10.75,,,,,,,,,,,,,,,,,
53,7.81,8.04,8.39,9.11,9.46,9.8,9.86,10.53,11.77,12.74,13.15,13.79,14.32,14.74,14.95,15.37,15.87,16.27,16.68,16.88,17.97,18.76,18.93,19.61,20.08,20.69,21.07,21.09,21.38
530,8.06,8.19,8.34,8.71,8.80,8.9,,,,,,,,,,,,,,,,,,,,,,,
531,13.99,14.27,14.81,15.98,16.38,16.79,17.18,18.06,19.84,21.35,22.1,23.3,24.09,24.79,25.14,25.85,26.75,27.49,28.24,28.61,30.55,31.85,32.38,33.5,34.45,35.7,36.32,36.63,37
532,8.06,8.09,8.24,8.51,8.67,8.83,8.93,9.08,9.21,9.29,,,,,,,,,,,,,,,,,,,
533,8.55,8.68,8.93,9.41,9.71,10,10.06,10.48,11.52,12.59,13.18,14.19,15.07,15.71,16.03,16.67,17.51,18.31,19.10,19.5,22.36,24.33,24.85,25.62,26.09,26.28,26.64,26.83,27.04
534,6.82,6.92,7.11,7.27,7.41,7.55,7.62,7.64,7.66,7.71,7.8,,,,,,,,,,,,,,,,,,
535,6.82,6.96,7.11,7.52,7.68,7.85,8.12,8.58,9.57,10.25,10.5,10.9,11.47,11.75,11.89,12.18,12.33,12.39,12.44,12.47,,,,,,,,,
536,6.97,7.01,7.11,7.22,7.32,7.43,7.46,7.52,7.53,7.66,7.7,,,,,,,,,,,,,,,,,,
537,6.38,6.67,6.86,7.22,7.41,7.6,7.97,8.13,8.97,9.4,9.7,10.25,10.77,11.35,11.64,12.23,12.75,,,,,,,,,,,,
538,6.13,6.23,6.32,6.57,6.69,6.8,6.97,7.02,7.05,7.06,7.06,7.07,,,,,,,,,,,,,,,,,
539,9.98,10.15,10.37,11,11.28,11.55,11.6,12.44,14.21,15.38,16.14,17.62,19.33,20.36,20.88,21.91,23.25,,,,,,,,,,,,
54,8.85,8.98,9.23,9.91,10.23,10.55,10.56,10.89,11.72,12.24,12.31,12.35,12.47,,,,,,,,,,,,,,,,
540,11.66,12.15,12.52,13.14,13.52,13.9,13.94,14.65,15.95,17.02,17.16,17.22,,,,,,,,,,,,,,,,,
541,4,4.02,4.1,4.18,4.23,4.29,4.3,4.36,,,,,,,,,,,,,,,,,,,,,
542,15.02,15.3,15.79,16.63,16.94,17.25,17.48,18.16,19.39,20.75,21.51,22.8,23.79,24.47,24.81,25.5,26.75,27.87,28.99,29.55,32.2,34.28,35.36,36.85,38.29,40.01,41.32,41.67,41.88
543,9.54,9.81,10.27,11.25,11.47,11.7,12.05,13.24,14.86,16.07,16.73,17.82,18.68,19.47,19.87,20.66,21.59,22.40,23.21,23.61,26.31,28.26,29.39,30.64,31.89,33.34,34.49,34.86,35.15
544,4.79,4.9,4.94,5.03,5.14,5.25,5.38,5.39,5.39,5.39,,,,,,,,,,,,,,,,,,,
545,8.95,9.12,9.28,9.71,9.93,10.15,10.16,10.53,11.42,11.99,12.26,12.69,13.12,13.22,13.27,13.38,,,,,,,,,,,,,
546,6.38,6.39,6.41,6.52,6.58,6.65,6.67,,,,,,,,,,,,,,,,,,,,,,
547,9.93,10.06,10.37,10.85,10.96,11.06,,,,,,,,,,,,,,,,,,,,,,,
548,11.91,12.16,12.54,13.14,13.52,13.9,14.19,14.5,15.36,16.77,17.29,18.02,18.58,18.99,19.20,19.61,20.18,20.68,21.18,21.43,22.86,24.03,24.61,25.62,25.89,26.28,26.88,26.94,26.95
549,10.28,10.5,10.96,11.65,11.98,12.3,12.35,12.79,13.61,14.08,14.12,14.14,14.22,14.26,14.28,14.32,,,,,,,,,,,,,
55,3.56,3.68,3.75,3.88,3.98,4.07,4.08,,,,,,,,,,,,,,,,,,,,,,
550,12.4,12.75,13.13,13.84,14.11,14.38,14.62,15.2,16.7,17.27,17.66,18.37,18.83,19.18,19.36,19.71,19.9,19.96,20.01,20.04,,,,,,,,,
551,4.99,5.05,5.08,5.14,5.17,5.2,5.21,5.22,,,,,,,,,,,,,,,,,,,,,
552,7.21,7.28,7.35,7.52,7.63,7.75,7.79,7.82,7.84,7.86,7.86,7.87,,,,,,,,,,,,,,,,,
553,9.74,9.96,10.27,10.9,11.20,11.5,11.6,12.24,13.36,14.38,14.98,16.13,17.48,18.35,18.79,19.66,20.61,21.31,22.02,22.37,24.06,24.88,25.45,26.41,27.37,28.24,29.19,29.44,29.58
554,10.77,11.04,11.45,12.2,12.55,12.9,13.1,13.9,15.36,16.77,17.2,,,,,,,,,,,,,,,,,,
555,8.45,8.58,8.74,8.96,9.08,9.2,9.21,9.38,9.59,9.76,,,,,,,,,,,,,,,,,,,
556,6.82,6.87,6.91,7.07,7.16,7.25,7.32,7.35,7.36,7.37,,,,,,,,,,,,,,,,,,,
557,7.71,7.8,8.09,8.61,8.83,9.05,9.21,9.53,10.32,10.65,10.71,10.75,10.82,10.84,10.85,10.88,,,,,,,,,,,,,
558,11.12,11.33,11.65,12.35,12.70,13.05,13.41,14.3,15.75,17.27,18.05,,,,,,,,,,,,,,,,,,
559,8.85,8.98,9.28,9.61,9.86,10.1,10.11,10.23,10.26,10.26,,,,,,,,,,,,,,,,,,,
56,13.64,13.93,14.91,15.98,16.37,16.75,17.07,18.01,19.99,21.4,22.07,23.1,23.74,24.28,24.55,25.1,25.77,26.35,26.93,27.22,29.1,30.15,30.73,32.02,32.98,34.03,35.41,35.45,35.54
560,3.61,3.68,3.75,3.78,3.84,3.9,3.91,3.91,,,,,,,,,,,,,,,,,,,,,
561,8.7,8.73,8.98,10.11,10.18,10.26,10.27,10.27,10.28,10.28,10.28,,,,,,,,,,,,,,,,,,
562,9.14,9.37,9.58,9.76,10.08,10.4,10.56,11.49,12.71,13.83,14.28,14.98,15.72,16.24,16.50,17.02,17.35,17.50,17.65,17.72,17.97,,,,,,,,
563,11.07,11.28,11.75,12.4,12.78,13.15,13.25,13.95,15.31,16.37,17.03,18.12,18.73,19.26,19.53,20.06,20.75,,,,,,,,,,,,
564,11.37,11.62,12.19,12.5,13.12,13.75,13.89,14.65,16.2,17.52,17.86,18.22,18.48,18.58,18.63,18.72,,,,,,,,,,,,,
565,10.72,11.04,11.3,12,12.16,12.32,,,,,,,,,,,,,,,,,,,,,,,
566,11.47,11.72,12.04,12.75,13.05,13.35,13.49,14.45,16.25,17.37,18.04,19.16,19.88,20.35,20.59,21.06,21.42,21.68,21.94,22.07,23.21,23.59,23.76,24.14,24.81,25.01,25.4,25.47,25.48
567,8.8,8.93,9.13,9.56,9.71,9.85,9.86,10.13,10.22,10.25,10.26,10.27,,,,,,,,,,,,,,,,,
568,8.4,8.53,8.59,9.11,9.26,9.41,9.52,9.63,10.09,10.23,10.24,10.35,,,,,,,,,,,,,,,,,
569,11.17,11.53,11.94,12.65,12.95,13.25,13.44,13.6,13.62,13.62,,,,,,,,,,,,,,,,,,,
57,12.55,12.95,13.57,14.19,14.47,14.75,14.84,15.85,17.25,18.86,19.36,19.96,20.38,20.75,20.94,21.31,,,,,,,,,,,,,
570,8.7,9.03,9.33,9.96,10.23,10.5,10.61,11.39,12.86,13.73,14.16,14.83,15.22,15.44,15.55,15.77,16.01,16.24,16.47,16.58,17.62,18.36,19.03,,,,,,
571,5.59,5.59,,,,,,,,,,,,,,,,,,,,,,,,,,,
572,9.74,9.86,10.17,10.66,10.86,11.05,11.15,11.54,12.96,13.53,13.8,14.24,14.62,14.86,14.98,15.22,15.27,15.28,15.29,15.29,,,,,,,,,
573,9.64,9.81,10.17,10.95,11.27,11.6,11.65,12.34,14.06,15.28,15.83,16.73,17.53,18.16,18.48,19.11,19.77,20.27,20.78,21.03,22.56,23.78,24.9,,,,,,
574,10.28,10.45,10.81,11.35,11.51,11.67,,,,,,,,,,,,,,,,,,,,,,,
575,11.56,11.92,12.49,13.54,13.97,14.4,14.59,15.7,17.35,18.46,19.14,20.31,21.13,21.66,21.93,22.46,22.96,23.34,23.72,23.91,25.11,25.82,26.2,27.39,28.45,29.81,30.66,30.79,30.85
576,9.64,9.76,10.17,10.8,11.07,11.35,11.5,12.04,13.21,13.68,13.81,13.94,14.07,,,,,,,,,,,,,,,,
577,5.34,5.36,5.37,5.43,5.54,5.65,5.68,5.69,5.69,5.7,5.7,,,,,,,,,,,,,,,,,,
578,7.02,7.03,7.06,7.22,7.36,7.5,7.57,7.58,7.59,7.59,,,,,,,,,,,,,,,,,,,
579,7.46,7.5,7.65,7.92,8.01,8.1,,,,,,,,,,,,,,,,,,,,,,,
58,9.34,9.42,9.77,10.36,10.63,10.91,10.98,11,11,,,,,,,,,,,,,,,,,,,,
580,9.59,9.86,10.32,11.25,11.53,11.8,12.05,12.84,14.41,16.02,16.57,17.27,17.73,18.25,18.51,19.02,19.45,19.79,20.12,20.29,21.72,22.44,22.56,23.16,23.63,,,,
581,10.08,10.3,10.61,11.35,11.46,11.57,,,,,,,,,,,,,,,,,,,,,,,
582,7.26,7.31,7.55,7.92,8.21,8.5,8.52,8.98,9.87,10.05,10.14,10.25,10.27,,,,,,,,,,,,,,,,
583,5.22,5.22,5.23,5.33,5.43,5.53,5.53,5.57,,,,,,,,,,,,,,,,,,,,,
584,6.7,6.7,,,,,,,,,,,,,,,,,,,,,,,,,,,
585,10.92,11.13,11.3,12.05,12.40,12.75,12.9,13.14,14.56,15.33,15.5,15.63,15.68,15.69,15.69,15.7,,,,,,,,,,,,,
586,12.75,13.1,13.52,14.59,15.04,15.5,15.69,16.35,18.3,19.9,20.72,22,22.73,23.50,23.88,24.65,25.77,26.75,27.72,28.21,30.85,33.44,35.27,38.03,40.36,43.35,45.89,46.19,46.76
587,5.34,5.4,5.43,5.63,5.71,5.8,5.83,5.87,,,,,,,,,,,,,,,,,,,,,
588,7.56,7.6,7.7,7.92,8.03,8.13,8.17,8.23,,,,,,,,,,,,,,,,,,,,,
589,11.37,11.67,12.19,12.9,13.23,13.55,13.59,14.15,15.51,16.27,16.44,16.63,16.98,17.07,17.12,17.21,17.27,17.32,17.37,17.39,,,,,,,,,
59,12.11,12.85,13.33,13.94,14.42,14.9,15.19,16.2,18.2,19.56,20.21,21.21,21.68,22.21,22.48,23.01,23.91,24.70,25.49,25.88,27.56,28.96,30.04,31.14,32.09,33.15,34.35,34.67,34.85
590,7.43,7.43,,,,,,,,,,,,,,,,,,,,,,,,,,,
591,15.91,16.24,16.78,17.82,18.11,18.4,18.52,19.36,21.59,22.84,23.61,24.84,25.34,25.86,26.12,26.65,27.13,27.48,27.83,28.01,29.1,29.2,29.28,29.66,,,,,
592,5.09,5.2,5.23,5.38,5.46,5.53,5.53,5.54,5.56,5.59,5.6,,,,,,,,,,,,,,,,,,
593,8.2,8.24,8.39,8.81,8.94,9.07,9.1,9.23,9.38,9.45,9.45,9.46,,,,,,,,,,,,,,,,,
594,9.88,10.01,10.22,11.05,11.26,11.47,11.54,11.79,12.81,13.39,13.62,13.94,14.02,14.08,14.11,14.17,,,,,,,,,,,,,
595,8.25,8.25,,,,,,,,,,,,,,,,,,,,,,,,,,,
596,11.07,11.33,11.7,12.6,12.95,13.3,13.59,14.4,16.25,17.86,18.78,20.21,20.83,21.70,22.14,23.01,24.17,25.13,26.10,26.58,29,31.4,32.77,35.37,38.29,41.48,44.31,44.43,45.3
597,9.44,9.56,9.87,10.46,10.73,11,11.05,11.49,12.36,13.14,13.39,13.69,13.82,13.92,13.97,14.07,,,,,,,,,,,,,
598,8.25,8.34,8.44,8.91,9.00,9.1,9.16,9.33,9.42,9.46,,,,,,,,,,,,,,,,,,,
599,11.91,12.02,12.34,12.95,13.27,13.6,13.74,14.35,15.6,16.62,17.11,17.87,18.33,18.70,18.89,19.26,19.71,20.08,20.45,20.64,21.67,,,,,,,,
6,6.67,6.68,6.71,6.87,6.96,7.05,7.06,7.08,7.09,7.1,7.1,,,,,,,,,,,,,,,,,,
60,11.86,11.97,12.39,13.14,13.47,13.8,14.01,14.5,15.75,16.67,17.07,17.67,18.08,18.30,18.41,18.62,18.82,18.97,19.12,19.2,19.72,19.75,,,,,,,
600,11.27,11.53,11.75,12.5,12.75,13,13.05,13.65,14.86,16.17,16.71,17.47,17.88,18.22,18.39,18.72,18.92,19.01,19.10,19.15,,,,,,,,,
601,12.45,12.65,12.98,13.84,14.07,14.3,14.59,15,16.35,17.47,18.15,19.31,20.03,20.94,21.40,22.31,23.47,24.42,25.37,25.84,28.25,30.5,31.48,33.7,35.93,37.46,39.1,39.69,40.22
602,11.22,11.33,11.65,12.15,12.34,12.54,12.67,13.04,13.86,13.98,14.1,14.34,14.57,14.63,14.66,14.72,,,,,,,,,,,,,
603,10.07,10.14,10.22,10.46,10.62,10.79,10.86,10.94,11.37,11.59,11.67,11.85,12.27,12.41,12.48,12.63,12.85,,,,,,,,,,,,
604,6.13,6.16,6.18,6.27,6.38,6.5,6.51,6.52,,,,,,,,,,,,,,,,,,,,,
605,9.4,9.53,9.72,10.61,10.73,10.85,10.91,11.54,12.41,13.04,13.14,13.19,,,,,,,,,,,,,,,,,
606,7.48,7.48,7.5,7.77,7.87,7.96,7.99,8.03,8.13,8.16,,,,,,,,,,,,,,,,,,,
607,9.88,9.91,10.22,10.8,11.04,11.27,11.4,11.49,11.77,12.04,12.1,12.15,12.27,12.37,12.42,12.53,12.58,12.60,12.61,12.62,,,,,,,,,
608,7.02,7.06,7.26,7.42,7.54,7.65,7.65,7.66,7.67,7.68,7.68,7.68,,,,,,,,,,,,,,,,,
609,8.35,8.53,9.08,9.91,10.16,10.4,10.56,11.14,12.46,13.53,13.82,13.9,13.95,13.97,13.98,14,14,14.01,14.02,14.02,,,,,,,,,
61,5.54,5.64,,,,,,,,,,,,,,,,,,,,,,,,,,,
610,8.2,8.49,8.74,9.16,9.33,9.5,9.51,9.58,10.07,10.16,10.18,10.2,,,,,,,,,,,,,,,,,
611,6.87,7.01,7.09,7.17,7.20,7.23,7.25,7.29,7.35,7.4,,,,,,,,,,,,,,,,,,,
612,13.79,14.18,14.86,15.93,16.31,16.7,16.78,17.71,19.29,20.8,21.63,22.95,23.69,24.63,25.10,26.05,27.1,27.94,28.78,29.2,31.65,33.09,33.67,35.47,36.91,38.15,39.58,39.95,40.13
613,8.1,8.34,8.74,9.31,9.53,9.74,9.79,9.83,10.47,10.65,10.7,,,,,,,,,,,,,,,,,,
614,7.81,7.99,8.19,8.41,8.54,8.68,8.71,8.83,8.94,8.98,8.99,9.06,,,,,,,,,,,,,,,,,
615,11.71,11.82,12.09,12.5,12.75,13,13.05,13.39,14.26,14.83,15.16,15.68,15.87,16.07,16.17,16.37,16.41,16.42,16.43,16.43,,,,,,,,,
616,5.63,5.79,,,,,,,,,,,,,,,,,,,,,,,,,,,
617,7.81,7.9,7.95,8.07,8.14,8.22,8.23,,,,,,,,,,,,,,,,,,,,,,
618,8.25,8.39,8.88,9.41,9.64,9.87,10.11,10.74,12.11,12.89,13.37,14.14,14.37,14.89,15.15,15.67,16.09,16.37,16.64,16.78,17.62,18.11,18.23,18.33,18.51,,,,
619,5.93,5.93,5.94,5.97,6.04,6.1,6.17,,,,,,,,,,,,,,,,,,,,,,
62,7.02,7.06,7.11,7.47,7.61,7.75,7.82,7.93,7.98,8.01,8.1,,,,,,,,,,,,,,,,,,
620,8.85,8.98,9.33,10.11,10.33,10.55,10.76,11.44,12.96,14.38,14.95,,,,,,,,,,,,,,,,,,
621,9.14,9.17,9.43,9.81,9.93,10.04,10.11,10.28,10.92,11.3,11.55,12,12.32,12.46,12.53,12.68,12.88,13.05,13.22,13.31,,,,,,,,,
622,12.75,13.05,13.52,14.34,14.54,14.75,15.04,15.7,17,18.36,18.68,18.97,19.28,19.61,19.78,20.11,20.39,20.59,20.79,20.89,21.57,22.09,22.22,,,,,,
623,6.08,6.08,,,,,,,,,,,,,,,,,,,,,,,,,,,
624,12.11,12.46,12.88,13.59,13.97,14.35,14.59,15.55,16.7,17.42,17.76,18.37,19.03,,,,,,,,,,,,,,,,
625,10.03,10.1,10.61,11.05,11.28,11.5,11.55,11.74,12.61,13.14,,,,,,,,,,,,,,,,,,,
626,10.48,10.69,10.91,11.45,11.75,12.05,12.25,12.64,14.06,15.13,15.6,16.28,16.58,17.22,17.54,18.17,19.01,19.72,20.43,20.79,22.71,24.53,25.45,26.31,26.68,27.85,28.68,28.71,29.19
627,8.7,8.78,,,,,,,,,,,,,,,,,,,,,,,,,,,
629,9.16,9.29,9.43,9.86,10.00,10.15,10.21,,,,,,,,,,,,,,,,,,,,,,
63,12.16,12.46,12.93,13.64,14.17,14.7,14.74,15.5,16.95,18.36,18.96,19.81,20.28,20.51,20.63,20.86,21.08,21.26,21.44,21.53,22.21,22.39,22.41,22.76,,,,,
630,9.19,9.27,9.48,9.96,10.05,10.15,10.21,10.26,10.3,,,,,,,,,,,,,,,,,,,,
631,10.36,10.49,10.66,11.4,11.80,12.2,12.3,13.04,14.81,16.27,17.1,18.47,19.38,20.21,20.63,21.46,22.42,23.21,24.00,24.4,26.81,28.91,29.64,,,,,,
632,9.29,9.47,9.58,10.01,10.16,10.3,10.36,,,,,,,,,,,,,,,,,,,,,,
633,11.86,12.16,12.59,13.24,13.50,13.75,13.84,14.5,15.8,17.17,17.42,17.57,17.78,18.04,18.17,18.42,18.5,18.52,18.55,18.56,18.82,,,,,,,,
634,9.35,9.38,9.43,9.66,9.76,9.86,9.92,9.94,9.96,9.96,,,,,,,,,,,,,,,,,,,
635,10.28,10.4,10.76,11.35,11.57,11.8,11.95,12.19,13.31,13.98,14.09,14.14,14.27,14.41,14.48,14.62,,,,,,,,,,,,,
636,5.39,5.49,5.68,5.78,5.84,5.9,5.91,5.92,,,,,,,,,,,,,,,,,,,,,
637,12.5,12.65,13.18,14.29,14.70,15.1,15.44,16.66,19.04,19.56,20.98,23.99,24.79,25.63,26.05,26.9,28.01,28.96,29.91,30.39,33,35.18,36.51,40.1,42.43,44.91,46.77,47.46,48.13
638,11.12,11.33,11.75,12.35,12.51,12.67,,,,,,,,,,,,,,,,,,,,,,,
639,11.27,11.48,11.85,12.7,12.93,13.15,13.24,13.29,13.33,13.35,,,,,,,,,,,,,,,,,,,
64,7.36,7.41,7.45,7.82,7.91,7.99,7.99,8,8,,,,,,,,,,,,,,,,,,,,
640,10.53,10.79,10.86,11.55,11.71,11.88,11.93,12.14,12.91,13.09,13.2,,,,,,,,,,,,,,,,,,
641,9.93,10.15,10.51,11.15,11.43,11.7,11.85,12.29,13.81,14.38,14.9,15.93,16.83,17.27,17.49,17.92,18.51,19.01,19.50,19.75,20.97,21.29,21.38,,,,,,
642,6.57,6.65,6.71,6.82,6.86,6.9,6.91,6.91,6.92,6.97,7,,,,,,,,,,,,,,,,,,
643,9.44,9.61,9.92,10.36,10.46,10.56,,,,,,,,,,,,,,,,,,,,,,,
644,6.28,6.77,7.06,7.37,7.63,7.9,8.07,10.84,12.51,13.68,14.15,14.98,16.17,16.57,16.77,17.17,18.04,18.82,19.61,20,21.47,22.79,,,,,,,
645,7.46,7.7,7.8,8.17,8.28,8.38,8.42,8.48,8.72,8.96,9,,,,,,,,,,,,,,,,,,
646,10.03,10.3,10.66,11.2,11.50,11.8,11.9,11.94,,,,,,,,,,,,,,,,,,,,,
647,12.45,12.8,13.43,14.19,14.52,14.85,15.04,16.81,18.6,20.05,20.9,22.25,22.94,23.55,23.85,24.46,25.4,26.23,27.06,27.47,29.5,30.55,30.73,32.52,33.67,35.7,37.69,37.98,38.56
648,8.35,8.49,8.64,9.01,9.11,9.2,,,,,,,,,,,,,,,,,,,,,,,
649,12.8,13.15,13.72,14.69,15.04,15.4,15.54,16.66,18.2,19.16,19.68,20.51,20.93,21.52,21.82,22.41,22.95,23.33,23.72,23.91,25.01,25.63,25.75,26.41,,,,,
65,9.98,10.25,10.66,11.45,11.77,12.1,12.3,12.99,14.31,15.23,15.78,16.73,17.38,17.92,18.19,18.72,19.15,19.45,19.75,19.9,20.87,21.55,22.02,22.96,23.72,24.42,24.93,25,25.09
650,6.62,6.77,,,,,,,,,,,,,,,,,,,,,,,,,,,
651,10.97,11.13,11.35,11.7,11.88,12.05,12.1,12.54,13.11,13.39,13.54,13.74,13.77,13.85,13.89,13.97,,,,,,,,,,,,,
652,7.71,7.75,7.85,8.12,8.21,8.3,,,,,,,,,,,,,,,,,,,,,,,
653,10.58,10.74,11.11,11.95,12.22,12.5,12.75,13.34,14.56,15.18,15.34,15.53,,,,,,,,,,,,,,,,,
654,8.4,8.58,8.88,9.36,9.58,9.8,9.86,10.08,11.02,11.39,11.56,11.8,11.97,,,,,,,,,,,,,,,,
655,13.29,13.59,14.17,15.14,15.60,16.05,16.13,17.11,19.24,21.05,21.96,23.4,24.29,25.11,25.52,26.35,27.54,28.58,29.62,30.14,32.95,35.23,36.66,39.41,41.74,45.21,48.27,48.34,49.2
656,9.19,9.37,9.67,10.16,10.33,10.5,10.56,10.64,10.97,11.1,11.15,11.25,,,,,,,,,,,,,,,,,
657,5.14,5.3,5.33,5.58,5.64,5.7,5.73,5.77,5.78,5.78,,,,,,,,,,,,,,,,,,,
658,22.19,22.37,23.2,24.15,24.62,25.1,25.55,26.99,28.37,29.71,30.33,31.36,32.3,32.88,33.17,33.74,34.47,35.11,35.76,36.08,38.04,39.51,,,,,,,
659,7.56,7.65,7.85,8.02,8.12,8.21,8.24,8.28,8.42,8.49,8.5,,,,,,,,,,,,,,,,,,
66,5.04,5.4,5.48,6.02,6.15,6.29,6.6,7.83,10.22,10.8,11.35,12.54,14.02,14.76,15.13,15.87,16.84,17.63,18.42,18.81,20.62,22.19,,,,,,,
660,9.69,9.81,10.07,10.75,11.00,11.25,11.3,11.69,13.31,14.43,15,15.98,16.93,17.41,17.65,18.12,18.57,18.90,19.23,19.4,20.37,21.15,21.77,22.27,22.94,23.93,25.32,25.58,25.87
661,12.9,13.24,13.72,14.49,14.82,15.15,15.29,15.95,17.15,17.37,17.4,17.42,,,,,,,,,,,,,,,,,
662,10.43,10.69,10.91,12.05,12.25,12.45,12.55,12.56,12.57,12.57,,,,,,,,,,,,,,,,,,,
663,10.92,10.99,11.3,11.55,11.82,12.1,12.25,13.04,14.06,14.43,14.7,15.18,15.42,15.66,15.78,16.02,16.18,16.26,16.34,16.38,,,,,,,,,
664,5.54,5.59,5.63,5.68,5.74,5.8,5.8,5.81,5.81,5.81,,,,,,,,,,,,,,,,,,,
665,15.57,16.14,16.93,17.68,18.19,18.7,19.07,20.02,21.84,23.39,24.04,24.99,25.59,26.09,26.34,26.85,27.48,27.99,28.50,28.76,29.95,30.8,31.23,32.81,33.47,33.73,34.16,34.36,34.55
666,4.05,4.07,4.1,4.18,4.28,4.38,4.4,4.41,,,,,,,,,,,,,,,,,,,,,
667,8.1,8.24,8.39,8.66,8.82,8.98,8.99,9.08,9.18,9.26,9.29,9.36,,,,,,,,,,,,,,,,,
668,11.61,12.07,12.49,13.29,13.62,13.95,14.14,15.1,16.65,17.56,18.14,19.16,20.03,20.32,20.47,20.76,21.45,22.15,22.86,23.21,25.21,26.47,26.8,27.69,28.65,29.52,30.17,30.27,30.56
669,9.09,9.22,9.43,9.71,9.85,9.99,10.07,10.28,10.82,11,11.03,11.05,11.12,,,,,,,,,,,,,,,,
67,8.85,8.88,8.93,9.21,9.33,9.45,9.5,9.53,,,,,,,,,,,,,,,,,,,,,
670,8.99,9.12,9.33,9.76,9.89,10.03,10.06,10.23,10.82,10.92,10.93,10.95,,,,,,,,,,,,,,,,,
671,7.31,7.36,7.5,7.72,7.79,7.85,,,,,,,,,,,,,,,,,,,,,,,
672,5.14,5.25,5.38,5.48,5.51,5.53,5.54,5.56,5.58,5.6,,,,,,,,,,,,,,,,,,,
673,5.54,5.61,5.64,5.68,5.74,5.8,5.83,5.87,,,,,,,,,,,,,,,,,,,,,
674,13.49,13.68,14.26,15.44,15.92,16.4,16.53,17.71,20.29,21.79,23.05,25.39,27.19,28.31,28.87,29.99,31.37,32.56,33.75,34.35,38.19,40.7,42.04,44.05,45.68,47.07,48.97,49.39,49.5
675,7.93,8.01,8.14,8.71,8.93,9.15,9.21,9.58,9.85,9.99,,,,,,,,,,,,,,,,,,,
676,8.65,8.78,8.98,9.41,9.68,9.95,10.11,10.33,10.57,10.94,11.12,11.26,11.37,11.51,11.58,11.73,,,,,,,,,,,,,
677,7.51,7.65,7.75,8.02,8.13,8.25,,,,,,,,,,,,,,,,,,,,,,,
678,10.72,11.09,11.7,12.95,13.30,13.65,13.94,15.05,16.75,18.26,19.1,,,,,,,,,,,,,,,,,,
679,11.22,11.58,12.04,12.8,13.10,13.4,13.64,14.3,15.51,16.47,16.85,,,,,,,,,,,,,,,,,,
68,5.63,5.93,5.97,6.04,6.06,6.09,6.1,6.12,6.28,6.42,6.45,6.47,,,,,,,,,,,,,,,,,
680,10.44,10.5,10.56,10.75,10.84,10.94,11.04,11.24,11.63,11.79,11.8,,,,,,,,,,,,,,,,,,
681,8.6,8.73,8.98,9.51,9.75,10,10.06,10.38,11.02,11.3,11.47,11.75,11.87,11.91,11.93,11.98,,,,,,,,,,,,,
682,12.55,12.85,13.33,14.34,14.59,14.85,14.99,15.95,17.6,19.31,20.4,22.15,22.89,24.23,24.90,26.25,28.1,29.59,31.08,31.82,35.04,37.82,38.85,42.57,44.79,47.27,49.18,49.86,50.47
683,6.33,6.38,,,,,,,,,,,,,,,,,,,,,,,,,,,
684,9.64,9.81,10.07,10.8,11.07,11.35,11.54,11.89,12.91,13.58,13.71,13.79,13.87,13.91,13.93,13.97,,,,,,,,,,,,,
685,9.69,9.86,10.12,10.85,11.07,11.3,11.46,11.59,11.66,11.68,,,,,,,,,,,,,,,,,,,
686,7.91,7.99,8.19,8.66,8.82,8.97,8.99,9.02,9.04,9.06,9.1,,,,,,,,,,,,,,,,,,
687,5.14,5.25,,,,,,,,,,,,,,,,,,,,,,,,,,,
688,9.29,9.56,9.82,10.56,10.82,11.09,11.3,11.74,12.71,13.14,13.26,13.39,13.52,,,,,,,,,,,,,,,,
689,10.53,11.48,11.9,12.7,13.05,13.4,13.49,13.95,15.11,16.47,16.8,17.12,17.48,17.76,17.90,18.17,18.4,18.60,18.81,18.91,19.97,,,,,,,,
69,5.93,6.08,,,,,,,,,,,,,,,,,,,,,,,,,,,
690,7.61,7.85,,,,,,,,,,,,,,,,,,,,,,,,,,,
691,11.17,11.48,11.8,12.8,13.10,13.4,13.59,14.55,16.1,17.61,18.27,19.31,20.28,21.13,21.56,22.41,23.18,23.71,24.24,24.5,25.91,27.22,27.84,28.58,29.83,30.79,31.85,31.93,32.31
692,6.13,6.33,6.56,7.17,7.44,7.7,7.77,8.23,9.02,9.6,9.79,10.06,,,,,,,,,,,,,,,,,
693,7.07,7.26,7.4,7.97,8.13,8.3,8.46,8.78,9.07,9.13,9.14,9.15,9.16,,,,,,,,,,,,,,,,
694,5.19,5.3,5.38,5.43,5.45,5.47,5.49,5.53,5.6,,,,,,,,,,,,,,,,,,,,
695,5.78,6.03,6.17,6.32,6.44,6.55,6.57,6.62,6.78,6.82,6.9,,,,,,,,,,,,,,,,,,
696,5.34,5.49,5.58,6.02,6.21,6.4,6.62,7.07,7.78,8.06,8.1,,,,,,,,,,,,,,,,,,
697,9.29,9.42,9.67,10.26,10.61,10.95,11.05,11.34,12.02,12.29,12.48,12.79,12.88,12.89,12.90,12.91,12.92,12.96,13.00,13.02,,,,,,,,,
698,8.3,8.49,8.83,9.36,9.48,9.61,,,,,,,,,,,,,,,,,,,,,,,
699,9.98,10.15,10.56,11.35,11.62,11.9,12.1,12.94,14.41,15.18,15.73,16.73,17.48,17.88,18.08,18.47,,,,,,,,,,,,,
7,7.31,7.5,7.75,8.02,8.16,8.3,8.47,8.68,9.17,9.3,9.33,9.36,,,,,,,,,,,,,,,,,
70,10.97,11.33,11.85,13.09,13.59,14.1,14.34,15.2,17.05,18.66,19.45,,,,,,,,,,,,,,,,,,
700,10.23,10.5,10.81,11.5,11.61,11.72,,,,,,,,,,,,,,,,,,,,,,,
701,12.45,13,13.38,14.49,14.84,15.2,15.74,16.81,18.5,19.85,20.42,21.31,22.18,22.75,23.04,23.61,24.5,,,,,,,,,,,,
702,13.24,13.49,13.92,14.69,14.95,15.2,15.29,15.75,16.9,17.52,17.85,18.42,18.88,18.99,19.05,19.16,,,,,,,,,,,,,
703,8.45,8.53,8.59,8.86,8.96,9.07,9.1,9.12,9.15,9.21,9.3,,,,,,,,,,,,,,,,,,
704,7.81,7.99,8.14,8.71,8.88,9.05,9.06,9.38,10.07,10.25,10.31,10.4,,,,,,,,,,,,,,,,,
705,5.78,5.89,,,,,,,,,,,,,,,,,,,,,,,,,,,
706,13.64,14.03,14.56,15.83,16.16,16.5,16.78,18.26,20.74,23.73,25.17,27.38,28.84,29.92,30.46,31.54,33.48,35.17,36.86,37.71,41.28,43.94,45.28,48.48,50.79,53.74,56.52,57.09,57.21
707,8.35,8.49,8.69,9.31,9.44,9.56,,,,,,,,,,,,,,,,,,,,,,,
708,7.17,7.26,7.55,8.07,8.29,8.5,8.61,8.88,9.87,10.4,10.57,10.75,10.82,,,,,,,,,,,,,,,,
709,6.13,6.18,6.32,6.47,6.56,6.65,6.66,6.67,6.67,6.69,6.7,,,,,,,,,,,,,,,,,,
71,12.01,12.31,12.59,13.05,13.18,13.31,13.34,13.39,14.11,14.53,14.8,,,,,,,,,,,,,,,,,,
710,11.61,11.97,12.29,13.29,13.59,13.9,14.19,14.8,16.45,17.66,17.96,18.27,18.73,19.02,19.17,19.46,19.74,19.94,20.14,20.24,20.82,21.1,21.12,21.68,21.85,21.97,22.16,,
711,7.86,8.04,8.29,9.06,9.16,9.25,,,,,,,,,,,,,,,,,,,,,,,
712,8.8,8.98,9.13,9.61,9.88,10.15,10.16,10.33,10.87,10.98,10.99,11.06,11.12,,,,,,,,,,,,,,,,
713,12.01,12.02,12.09,12.4,12.51,12.62,12.67,12.74,13.01,13.04,,,,,,,,,,,,,,,,,,,
714,7.71,7.8,,,,,,,,,,,,,,,,,,,,,,,,,,,
715,9.39,9.56,9.92,10.61,10.82,11.03,11.27,11.84,13.21,14.13,14.64,15.48,16.07,16.45,16.64,17.02,17.33,17.53,17.72,17.82,18.32,18.51,18.83,,,,,,
716,11.02,11.58,11.6,12.05,12.35,12.64,12.77,13.09,13.86,14.13,14.19,14.24,14.27,14.29,14.30,14.32,,,,,,,,,,,,,
717,11.81,12.07,12.59,13.64,13.92,14.2,14.44,14.75,16.55,17.17,17.6,18.37,18.93,19.42,19.67,20.16,20.8,,,,,,,,,,,,
718,10.08,10.4,10.61,11.3,11.60,11.9,12,12.64,14.11,15.28,15.81,16.63,17.18,17.66,17.90,18.37,19.1,19.76,20.41,20.74,22.41,24.13,25.5,27.49,28.45,30.11,31.65,32.13,32.61
719,7.46,7.5,7.65,7.97,8.08,8.19,8.26,8.33,8.43,8.46,8.52,8.66,,,,,,,,,,,,,,,,,
72,6.82,7.06,7.16,7.57,7.69,7.8,7.81,7.83,8.77,9.8,9.87,9.96,10.77,10.87,10.92,11.03,,,,,,,,,,,,,
720,4.65,4.71,4.79,4.88,4.89,4.9,4.91,4.92,,,,,,,,,,,,,,,,,,,,,
721,9.14,9.42,9.67,10.31,10.50,10.7,10.76,11.14,11.97,12.14,12.19,12.25,12.27,,,,,,,,,,,,,,,,
722,11.51,11.92,12.14,12.9,13.25,13.6,13.64,14.25,15.6,16.27,16.85,17.92,18.58,19.01,19.23,19.66,20.37,20.97,21.58,21.88,23.06,24.13,24.76,25.72,26.78,28.05,29.18,29.29,29.87
723,10.58,10.89,11.11,11.95,12.18,12.4,12.55,12.99,14.11,14.78,15.02,15.38,15.77,15.93,16.01,16.17,,,,,,,,,,,,,
724,9.74,9.96,10.17,10.7,10.93,11.15,11.2,11.54,13.21,13.73,14.39,15.53,15.72,15.90,15.99,16.17,,,,,,,,,,,,,
725,10.53,10.69,10.91,11.65,11.88,12.1,12.25,12.94,14.56,15.43,16.2,,,,,,,,,,,,,,,,,,
726,5.88,6.33,6.76,7.92,8.11,8.3,8.56,10.43,12.36,13.48,,,,,,,,,,,,,,,,,,,
727,9.29,9.56,9.82,10.41,10.61,10.8,10.91,11.24,11.82,12.49,12.54,12.59,13.07,13.35,13.49,13.77,14.01,14.17,14.32,14.4,,,,,,,,,
728,7.81,7.95,8.29,8.91,9.11,9.3,9.36,9.63,10.07,10.4,11.05,,,,,,,,,,,,,,,,,,
729,5.39,5.49,5.59,5.78,5.86,5.94,5.99,,,,,,,,,,,,,,,,,,,,,,
73,5.14,5.15,5.18,5.48,5.53,5.57,5.6,,,,,,,,,,,,,,,,,,,,,,
730,9.14,9.42,9.67,10.51,10.83,11.15,11.2,11.69,12.86,13.78,13.8,,,,,,,,,,,,,,,,,,
731,10.18,10.3,10.61,11.3,11.60,11.9,12.05,12.44,13.81,14.48,15.13,16.33,17.08,17.60,17.86,18.37,19,19.52,20.03,20.29,21.57,22.54,22.86,24.04,25.59,27.07,28.19,28.22,28.51
732,4.7,4.72,4.73,4.83,4.99,5.15,5.18,,,,,,,,,,,,,,,,,,,,,,
733,10.28,10.4,10.67,11.55,11.82,12.1,12.3,12.89,14.46,15.67,16.12,16.78,17.38,17.50,17.56,17.68,17.72,17.75,17.78,17.79,,,,,,,,,
734,8.6,8.73,8.83,9.11,9.25,9.39,9.47,9.63,9.87,10.06,,,,,,,,,,,,,,,,,,,
735,10.48,10.64,10.81,11.55,11.80,12.05,12.3,12.79,14.26,15.33,15.76,16.43,17.03,17.47,17.69,18.12,18.55,18.87,19.19,19.35,20.22,20.6,20.67,21.09,21.66,21.77,21.81,21.82,21.83
736,7.12,7.26,7.4,7.77,7.83,7.9,,,,,,,,,,,,,,,,,,,,,,,
737,10.08,10.45,10.71,11.5,11.78,12.05,12.15,12.54,13.66,14.23,14.43,14.68,14.82,14.90,14.94,15.02,,,,,,,,,,,,,
738,7.81,7.95,8.14,8.61,8.75,8.9,8.96,9.18,9.62,9.65,,,,,,,,,,,,,,,,,,,
739,8.01,8.04,8.29,8.66,8.83,9,9.01,9.38,10.17,10.45,10.68,11.05,11.12,11.26,11.33,11.48,11.56,11.59,11.62,11.63,,,,,,,,,
74,5.44,5.49,,,,,,,,,,,,,,,,,,,,,,,,,,,
740,15.17,15.4,15.84,17.08,17.39,17.7,17.93,18.86,20.79,22.49,23.22,24.29,24.99,25.77,26.16,26.95,27.79,28.41,29.04,29.35,30.85,31.7,32.13,32.42,32.98,33.15,33.31,33.38,33.44
741,8.55,8.68,,,,,,,,,,,,,,,,,,,,,,,,,,,
742,11.27,11.48,11.8,12.35,12.49,12.63,12.65,12.94,13.1,13.15,,,,,,,,,,,,,,,,,,,
743,7.96,8.09,8.49,9.11,9.30,9.5,9.56,10.08,10.87,11.32,11.52,,,,,,,,,,,,,,,,,,
744,8.75,8.88,9.03,9.41,9.49,9.57,9.58,9.6,9.67,9.75,9.8,,,,,,,,,,,,,,,,,,
745,12.31,12.51,12.98,13.84,14.17,14.5,14.79,15.15,15.6,15.77,15.8,15.83,15.92,,,,,,,,,,,,,,,,
746,5.54,5.59,,,,,,,,,,,,,,,,,,,,,,,,,,,
747,8.01,8.04,8.44,8.76,8.96,9.15,9.16,9.23,,,,,,,,,,,,,,,,,,,,,
748,8.89,8.98,9.03,9.06,9.16,9.26,9.28,9.29,9.29,9.29,,,,,,,,,,,,,,,,,,,
749,13.39,13.83,14.41,15.63,16.14,16.65,16.88,18.01,20.24,22.39,23.35,24.74,25.49,26.07,26.36,26.95,27.76,28.48,29.19,29.55,31.6,33.29,33.57,35.57,36.42,37.66,38.97,39.06,39.44
75,5.88,5.89,5.92,6.22,6.28,6.34,6.39,,,,,,,,,,,,,,,,,,,,,,
750,12.53,12.68,12.88,13.64,13.88,14.11,14.17,14.2,14.49,14.8,14.87,14.91,14.92,,,,,,,,,,,,,,,,
751,10.77,11.04,11.45,12.1,12.45,12.8,12.95,14.6,14.96,16.22,17.24,18.97,19.73,20.34,20.65,21.26,21.66,21.86,22.07,22.17,22.81,23.49,23.56,24.34,,,,,
752,8.1,8.73,9.33,9.86,10.13,10.4,11.1,13.24,16.35,17.96,,,,,,,,,,,,,,,,,,,
753,7.34,7.38,7.45,7.77,7.79,7.82,7.84,7.87,7.91,7.92,7.92,7.93,,,,,,,,,,,,,,,,,
754,4.84,4.95,5.08,5.13,,,,,,,,,,,,,,,,,,,,,,,,,
755,9.29,9.42,,,,,,,,,,,,,,,,,,,,,,,,,,,
756,8.15,8.24,8.34,8.56,8.75,8.93,9.02,9.18,9.87,10,10.04,10.11,,,,,,,,,,,,,,,,,
758,8.15,8.29,8.59,8.96,9.05,9.15,,,,,,,,,,,,,,,,,,,,,,,
759,7.26,7.31,7.4,7.47,7.59,7.72,7.75,7.77,7.79,7.81,7.83,7.87,,,,,,,,,,,,,,,,,
76,11.51,12.36,12.88,13.29,13.59,13.9,14.34,14.5,14.81,15.28,15.31,15.33,,,,,,,,,,,,,,,,,
760,8.35,8.53,8.59,8.96,9.05,9.15,,,,,,,,,,,,,,,,,,,,,,,
761,8.75,8.78,9.03,9.11,9.19,9.27,9.35,9.48,9.52,9.6,9.63,9.66,,,,,,,,,,,,,,,,,
762,9.24,9.32,9.67,10.11,10.25,10.4,10.46,,,,,,,,,,,,,,,,,,,,,,
763,8.6,8.78,8.88,9.06,9.21,9.35,9.36,9.39,9.45,9.48,9.5,,,,,,,,,,,,,,,,,,
764,10.82,10.99,11.06,11.4,11.56,11.72,11.78,11.84,11.87,11.89,,,,,,,,,,,,,,,,,,,
765,14.78,15.35,15.94,17.13,17.56,18,18.37,19.51,22.04,24.48,25.7,27.63,28.89,29.87,30.36,31.34,32.7,33.86,35.01,35.59,38.59,41.05,42.44,44.54,46.86,49.03,51.68,52.5,53.11
766,14.78,15.45,15.89,16.83,17.11,17.4,17.68,18.16,19.69,20.85,21.49,22.45,22.68,23.09,23.30,23.71,23.94,24.06,24.19,24.25,25.01,25.22,25.29,,,,,,
767,5.34,5.38,5.39,5.43,5.53,5.62,5.67,5.77,5.78,,,,,,,,,,,,,,,,,,,,
768,8.75,8.93,9.18,9.61,9.84,10.06,10.11,10.28,11.02,11.39,11.51,11.65,11.72,11.76,11.78,11.83,,,,,,,,,,,,,
769,9.24,9.42,9.72,10.41,10.64,10.88,11.07,11.44,12.51,13.14,13.39,13.74,13.92,14.08,14.16,14.32,14.46,14.56,14.65,14.7,,,,,,,,,
77,6.15,6.15,,,,,,,,,,,,,,,,,,,,,,,,,,,
770,10.38,10.69,11.15,12,12.30,12.6,12.8,13.39,15.06,16.37,17.19,18.57,19.48,20.09,20.40,21.01,22.22,23.31,24.40,24.94,27.41,29.61,30.68,33.31,35.64,38.74,41.25,41.5,42.27
771,8.8,8.93,9.13,9.56,9.64,9.71,,,,,,,,,,,,,,,,,,,,,,,
772,9.59,9.81,10.12,10.7,10.95,11.2,11.25,11.59,12.56,12.99,13.12,13.29,13.42,13.60,13.69,13.87,,,,,,,,,,,,,
773,9.39,9.61,9.87,10.36,10.48,10.61,,,,,,,,,,,,,,,,,,,,,,,
774,8.6,8.73,8.88,9.41,9.51,9.61,9.62,9.63,9.77,9.93,9.96,9.96,,,,,,,,,,,,,,,,,
775,11.17,11.53,11.99,13.09,13.47,13.85,14.09,14.95,17.1,18.51,19.51,21.26,22.38,23.13,23.51,24.26,25.13,25.89,26.64,27.02,29.55,31.45,32.53,,,,,,
776,9.14,9.52,9.87,10.56,10.91,11.25,11.35,12.04,13.16,13.58,,,,,,,,,,,,,,,,,,,
777,8.5,8.73,8.93,9.71,9.89,10.08,10.19,10.48,11.42,11.99,12.5,,,,,,,,,,,,,,,,,,
778,9.44,9.71,10.02,10.75,11.05,11.35,11.5,11.99,12.86,13.14,13.24,13.44,13.87,13.99,14.05,14.18,14.27,14.35,14.42,14.46,,,,,,,,,
779,10.23,10.45,11.4,11.75,11.95,12.15,12.65,13.49,14.81,16.32,16.6,,,,,,,,,,,,,,,,,,
78,8.3,8.49,8.74,9.36,9.53,9.7,9.86,,,,,,,,,,,,,,,,,,,,,,
780,8.6,8.78,8.83,8.96,9.03,9.1,,,,,,,,,,,,,,,,,,,,,,,
781,7.26,7.55,7.6,7.82,7.90,7.98,7.99,8.03,8.1,8.17,,,,,,,,,,,,,,,,,,,
782,6.52,6.57,6.71,7.07,7.24,7.4,7.47,7.63,7.93,7.99,8,8.05,8.11,,,,,,,,,,,,,,,,
783,6.52,6.53,6.56,7.12,7.25,7.39,7.4,7.42,7.78,7.81,7.84,7.91,,,,,,,,,,,,,,,,,
784,10.72,11.04,11.3,12.1,12.30,12.5,12.85,13.85,15.46,16.67,17.29,18.27,18.88,19.21,19.38,19.71,20.2,20.61,21.02,21.23,22.11,22.59,22.71,23.16,23.33,23.54,23.7,23.77,23.83
785,10.72,11.04,11.4,12.2,12.38,12.57,,,,,,,,,,,,,,,,,,,,,,,
786,11.27,11.77,12.24,13.09,13.37,13.65,13.94,15.2,17,18.51,19.02,19.66,20.03,20.32,20.47,20.76,20.91,20.96,21.01,21.03,,,,,,,,,
787,5.63,6.18,6.47,7.17,7.25,7.34,,,,,,,,,,,,,,,,,,,,,,,
788,7.41,7.46,7.6,7.97,8.11,8.25,8.27,8.38,8.67,8.92,9.04,9.26,,,,,,,,,,,,,,,,,
789,7.07,7.26,7.35,7.52,7.66,7.8,7.82,7.88,7.93,7.97,,,,,,,,,,,,,,,,,,,
79,4.2,4.27,,,,,,,,,,,,,,,,,,,,,,,,,,,
790,6.67,6.74,6.81,7.02,7.17,7.32,7.35,7.37,7.58,7.71,7.8,,,,,,,,,,,,,,,,,,
791,11.27,11.33,11.8,12.5,12.78,13.05,13.2,13.8,15.6,17.32,18.01,19.07,20.03,20.74,21.10,21.81,22.74,23.54,24.35,24.75,27.11,29.31,30.23,31.83,33.67,35.7,37.98,38.28,39.15
792,9.98,10.2,10.56,11.15,11.35,11.55,11.6,11.69,11.77,11.85,11.9,,,,,,,,,,,,,,,,,,
793,8.9,9.22,9.43,10.11,10.46,10.8,10.96,11.39,12.51,13.24,13.67,14.44,15.02,15.32,15.47,15.77,15.99,16.11,16.22,16.28,16.52,,,,,,,,
794,6.38,6.57,6.76,7.07,7.16,7.25,7.32,7.42,7.43,7.56,7.6,,,,,,,,,,,,,,,,,,
795,6.13,6.43,6.61,6.97,7.08,7.2,7.22,7.32,7.43,7.52,,,,,,,,,,,,,,,,,,,
796,5.58,5.71,5.85,6.17,6.28,6.38,6.42,6.57,6.65,6.69,6.7,,,,,,,,,,,,,,,,,,
797,11.22,11.48,11.7,12.45,12.68,12.9,13.15,13.6,14.31,14.93,15,15.03,15.12,,,,,,,,,,,,,,,,
798,9.49,9.66,9.87,10.16,10.26,10.36,,,,,,,,,,,,,,,,,,,,,,,
799,13.99,14.62,15.2,16.13,16.41,16.7,17.23,18.41,20.24,21.35,22.06,23.25,23.84,24.42,24.71,25.3,25.96,26.46,26.97,27.22,28.5,29.36,29.89,30.35,30.91,31.28,31.61,31.74,31.87
8,9.64,10.01,10.27,10.9,11.15,11.4,11.8,12.29,13.36,14.38,14.82,15.43,15.72,15.86,15.93,16.07,,,,,,,,,,,,,
80,11.56,11.87,12.14,13.09,13.37,13.65,13.89,14.3,15.95,17.42,18.63,20.71,21.68,22.33,22.66,23.31,24.15,24.86,25.57,25.93,27.81,30.15,31.38,32.91,34.65,37.07,39.03,39.64,40.13
800,10.67,11.04,11.4,12.05,12.28,12.5,12.75,12.99,13.91,14.53,14.72,14.93,15.02,,,,,,,,,,,,,,,,
801,9.38,9.39,9.43,9.76,9.86,9.96,,,,,,,,,,,,,,,,,,,,,,,
802,11.07,11.33,11.75,12.75,13.03,13.3,13.54,14.3,15.56,16.47,16.85,17.42,17.88,18.14,18.27,18.52,18.64,18.69,18.74,18.76,19.02,,,,,,,,
803,6.57,6.62,6.71,6.87,6.94,7,7.02,7.04,7.07,7.09,,,,,,,,,,,,,,,,,,,
804,7.61,7.63,7.7,8.17,8.38,8.6,8.66,8.93,9.32,9.35,,,,,,,,,,,,,,,,,,,
805,5.63,5.64,,,,,,,,,,,,,,,,,,,,,,,,,,,
806,8.2,8.49,8.79,9.16,9.32,9.49,9.66,10.53,11.52,12.19,12.54,13.09,13.37,13.61,13.73,13.97,14.21,14.37,14.52,14.6,14.88,,,,,,,,
807,8.95,9.22,9.48,9.96,10.26,10.55,10.71,11.14,12.11,12.94,13.18,13.49,13.82,13.94,14.00,14.12,,,,,,,,,,,,,
808,9.59,9.91,10.32,10.95,11.27,11.6,11.85,13.04,14.46,15.62,16.26,17.42,18.68,19.41,19.78,20.51,21.57,22.47,23.36,23.81,26.01,28.11,29.29,30.74,31.99,33.73,35.11,35.15,35.63
809,4.2,4.37,4.39,4.58,4.59,4.6,4.61,4.62,,,,,,,,,,,,,,,,,,,,,
81,8.54,8.61,8.74,9.36,9.48,9.61,9.63,9.68,10.47,10.61,10.62,10.72,10.82,,,,,,,,,,,,,,,,
810,10.18,10.35,10.91,11.35,11.68,12,12.3,12.79,13.86,14.58,14.96,15.53,15.77,15.83,15.86,15.91,15.93,15.95,15.97,15.98,,,,,,,,,
811,3.06,3.24,3.26,3.39,3.41,3.42,,,,,,,,,,,,,,,,,,,,,,,
812,4.05,4.51,,,,,,,,,,,,,,,,,,,,,,,,,,,
813,7.41,7.6,7.8,8.31,8.53,8.75,8.91,9.18,9.56,9.86,,,,,,,,,,,,,,,,,,,
814,9.04,9.32,9.53,10.21,10.34,10.46,,,,,,,,,,,,,,,,,,,,,,,
815,13.84,14.42,14.76,16.13,16.41,16.7,16.93,18.81,20.69,22.34,23.21,24.59,25.39,25.97,26.26,26.85,27.51,28.03,28.54,28.8,30.1,30.8,31.08,31.24,31.33,31.48,31.66,31.73,31.8
816,8.3,8.53,8.69,9.11,9.21,9.3,,,,,,,,,,,,,,,,,,,,,,,
817,7.26,7.41,7.75,8.07,8.29,8.5,8.61,8.88,9.42,9.5,9.56,9.66,,,,,,,,,,,,,,,,,
818,8.01,8.34,8.74,9.36,9.58,9.8,9.96,10.43,11.02,11.44,11.45,11.47,11.57,,,,,,,,,,,,,,,,
819,7.56,7.85,8.19,8.61,8.96,9.3,9.31,9.73,11.42,12.34,12.61,12.84,12.87,,,,,,,,,,,,,,,,
82,4.18,4.19,4.24,4.58,4.61,4.63,4.65,4.67,4.69,4.7,,,,,,,,,,,,,,,,,,,
820,5.68,5.98,6.27,6.87,7.11,7.35,7.47,7.83,8.18,8.24,8.25,8.26,,,,,,,,,,,,,,,,,
821,5.88,6.03,6.17,6.62,6.83,7.05,7.07,7.37,7.73,7.81,7.9,,,,,,,,,,,,,,,,,,
822,12.16,12.61,13.13,14.14,14.50,14.85,15.74,17.06,19.39,21.3,22.35,24.04,25.04,25.76,26.12,26.85,27.84,28.68,29.52,29.94,32.1,33.79,34.47,36.56,37.8,39.42,40.56,40.88,41.1
823,8.06,8.34,8.59,9.16,9.36,9.55,9.71,10.43,11.32,11.94,12.15,12.4,12.52,12.62,12.67,12.78,,,,,,,,,,,,,
824,7.22,7.46,7.8,8.27,8.46,8.65,8.96,9.13,9.37,9.45,9.5,,,,,,,,,,,,,,,,,,
825,7.91,7.99,8.19,8.86,9.08,9.3,9.46,9.98,10.77,11.49,11.63,11.7,11.82,11.88,11.91,11.98,,,,,,,,,,,,,
826,7.12,7.36,7.55,7.92,8.04,8.15,8.22,8.24,8.27,8.27,8.28,8.28,,,,,,,,,,,,,,,,,
827,8.6,8.78,9.08,9.56,9.83,10.1,10.31,10.64,11.07,11.15,11.18,11.25,,,,,,,,,,,,,,,,,
828,9.09,9.27,9.43,10.01,10.09,10.16,,,,,,,,,,,,,,,,,,,,,,,
829,13.2,13.78,14.41,15.73,16.02,16.3,16.58,18.56,20.89,22.89,23.62,24.69,25.74,26.40,26.73,27.4,28.41,29.40,30.39,30.88,34.35,36.87,38.6,40.79,43.12,45.31,47.58,47.65,48.52
83,6.28,6.43,6.46,6.52,6.59,6.67,6.74,,,,,,,,,,,,,,,,,,,,,,
830,10.08,10.45,10.81,11.3,11.55,11.8,12.05,13.7,14.76,16.37,16.76,17.17,17.68,18.06,18.25,18.62,19.04,19.38,19.73,19.9,20.82,,,,,,,,
831,6.18,6.33,6.42,6.97,7.13,7.3,7.32,7.63,8.38,8.51,8.58,8.71,,,,,,,,,,,,,,,,,
832,7.91,8.09,8.19,8.96,9.05,9.15,,,,,,,,,,,,,,,,,,,,,,,
833,12.9,13.1,13.47,14.44,14.72,15,15.39,16.05,17.45,18.46,19.15,20.36,21.23,22.00,22.39,23.16,23.3,,,,,,,,,,,,
834,5.39,5.59,5.73,6.22,6.31,6.4,6.57,6.82,7.33,7.5,7.51,7.52,8.51,,,,,,,,,,,,,,,,
835,4.84,4.95,5.08,5.18,5.34,5.5,5.53,,,,,,,,,,,,,,,,,,,,,,
836,8.6,8.73,9.03,9.46,9.80,10.15,10.31,10.74,11.37,11.39,11.47,11.7,,,,,,,,,,,,,,,,,
837,9.44,9.66,9.87,10.51,10.75,11,11.1,11.29,11.42,11.48,,,,,,,,,,,,,,,,,,,
838,9.93,10.4,10.56,11.35,11.62,11.9,12.1,13.19,15.06,16.52,17.35,18.72,19.63,20.42,20.82,21.61,22.62,23.49,24.36,24.8,27.41,29.41,30.73,32.32,34.26,37.27,40.45,40.52,40.91
839,8.8,9.03,9.77,10.01,10.25,10.5,10.76,11.19,12.16,12.94,13.15,13.39,13.57,,,,,,,,,,,,,,,,
84,16.21,16.92,17.57,18.72,18.93,19.15,19.67,20.62,22.73,24.58,25.44,26.73,27.49,28.03,28.30,28.85,29.87,30.87,31.87,32.37,35.24,38.21,39.55,43.65,46.46,49.62,52.52,52.73,53.6
840,13.39,13.64,14.12,15.19,15.50,15.8,16.13,16.96,18.9,20.2,20.86,21.85,22.28,22.83,23.11,23.66,24.11,24.42,24.73,24.89,25.96,26.22,26.6,26.9,,,,,
841,11.22,11.53,11.99,13,13.25,13.5,13.79,14.9,16.5,17.86,18.54,19.61,20.28,20.95,21.29,21.96,22.7,23.28,23.86,24.15,25.71,27.17,28.09,29.96,31.5,33.73,35.71,35.93,36.51
842,7.19,7.19,,,,,,,,,,,,,,,,,,,,,,,,,,,
843,7.76,7.99,8.19,8.96,9.16,9.35,9.56,9.78,10.42,10.65,10.72,10.8,,,,,,,,,,,,,,,,,
844,12.95,13.49,14.21,15.78,16.29,16.8,17.23,19.11,21.54,23.59,24.63,26.28,27.39,28.13,28.50,29.25,30.08,30.74,31.39,31.72,33.45,34.68,35.76,36.95,37.8,37.95,39.2,39.52,39.64
845,14.58,15.11,15.75,16.63,16.87,17.1,,,,,,,,,,,,,,,,,,,,,,,
846,14.33,14.76,15.2,16.18,16.54,16.9,17.13,18.66,21.19,22.39,23.22,24.59,25.14,25.34,25.44,25.65,26.03,26.43,26.82,27.02,28.5,29.21,29.94,31.83,33.08,34.13,35.61,35.64,35.83
847,6.2,6.2,,,,,,,,,,,,,,,,,,,,,,,,,,,
848,11.76,12.12,12.54,13.49,13.79,14.1,14.49,15.5,16.6,17.42,17.74,18.22,18.58,18.81,18.93,19.16,19.37,19.50,19.63,19.7,,,,,,,,,
849,10.53,10.69,10.96,11.8,12.23,12.65,12.75,13.09,14.26,15.13,15.31,15.43,15.52,,,,,,,,,,,,,,,,
85,14.08,14.37,14.76,15.48,15.62,15.75,15.88,16.15,17.55,18.61,18.95,19.36,19.58,19.81,19.93,20.16,,,,,,,,,,,,,
850,5.34,5.4,5.43,5.78,5.81,5.84,5.86,5.88,5.9,,,,,,,,,,,,,,,,,,,,
851,14.04,14.62,15.25,16.78,17.14,17.5,17.83,19.51,22.04,24.08,24.81,25.79,26.54,27.26,27.62,28.35,29.03,29.55,30.08,30.34,32.05,33.19,34.22,35.37,36.23,36.87,37.28,37.44,37.59
852,11.71,12.31,12.73,13.84,14.17,14.5,14.74,15.9,17.95,19.56,20.47,21.9,22.58,23.35,23.73,24.5,25.45,26.22,26.99,27.37,29.35,31.15,31.98,33.4,34.65,35.99,37.78,37.89,38.37
853,7.17,7.36,7.55,7.92,8.07,8.23,8.32,8.43,8.67,8.73,8.73,8.76,,,,,,,,,,,,,,,,,
854,9.34,9.56,9.97,10.75,11.05,11.35,11.45,12.04,13.66,14.93,15.79,17.27,18.18,18.89,19.25,19.96,20.72,21.30,21.88,22.17,23.66,24.78,25.08,25.41,25.69,25.89,26.11,26.15,26.16
855,9.39,9.52,,,,,,,,,,,,,,,,,,,,,,,,,,,
856,9.88,10.46,10.86,11.5,11.88,12.25,12.4,13.19,14.76,16.22,16.78,17.62,18.43,18.92,19.17,19.66,20.17,20.51,20.86,21.03,21.35,21.45,21.47,21.55,,,,,
857,10.82,11.18,11.65,12.65,12.98,13.3,13.44,14.5,16,17.32,18.19,19.66,20.53,21.22,21.57,22.26,23.08,23.77,24.46,24.8,26.91,28.76,29.54,31.43,33.27,35.7,38.38,38.57,39.34
858,8.57,8.61,8.69,9.11,9.29,9.48,9.59,9.83,10.12,10.22,10.25,10.3,,,,,,,,,,,,,,,,,
859,7.41,7.65,7.8,8.07,8.20,8.33,8.37,8.53,8.67,8.81,8.9,,,,,,,,,,,,,,,,,,
86,9.74,9.81,,,,,,,,,,,,,,,,,,,,,,,,,,,
860,11.02,11.58,11.99,12.45,12.79,13.14,13.37,13.9,15.51,16.47,16.78,17.17,17.53,17.91,18.10,18.47,18.8,19.02,19.24,19.35,19.82,20,20.05,20.13,,,,,
861,10.03,10.4,10.71,11.6,11.95,12.3,12.35,12.94,14.61,15.67,16,,,,,,,,,,,,,,,,,,
862,4.79,4.86,4.89,5.05,5.17,5.3,5.33,5.37,,,,,,,,,,,,,,,,,,,,,
863,8.2,8.34,8.39,8.61,8.71,8.82,8.83,8.85,8.86,8.87,8.87,8.87,,,,,,,,,,,,,,,,,
864,5.86,5.86,,,,,,,,,,,,,,,,,,,,,,,,,,,
865,12.26,12.36,12.64,13.19,13.50,13.8,13.84,14.6,15.46,15.92,15.93,15.93,15.95,15.96,15.96,15.97,,,,,,,,,,,,,
866,10.23,10.64,11.5,12.45,12.80,13.15,13.4,14.7,16.9,18.81,19.82,21.45,22.53,23.52,24.01,25,25.79,26.28,26.77,27.02,28.3,29.06,29.29,29.56,29.93,30.3,30.63,30.81,31.05
867,9.19,9.32,9.62,10.21,10.31,10.41,,,,,,,,,,,,,,,,,,,,,,,
868,13.84,14.37,15,16.23,16.64,17.05,17.18,18.56,21.09,22.99,24.13,25.98,26.94,27.84,28.29,29.2,30.39,31.40,32.41,32.91,35.59,37.97,39,41.09,42.72,44.62,45.89,46.24,46.47
869,9.69,9.91,10.07,10.56,10.83,11.1,11.2,11.54,12.11,12.49,12.66,12.89,12.97,13.05,13.09,13.18,,,,,,,,,,,,,
87,14.63,14.96,15.5,15.88,16.39,16.9,16.98,17.76,19.14,20.7,21.26,22.05,22.73,23.10,23.29,23.66,24.8,,,,,,,,,,,,
870,12.5,12.75,13.03,13.64,13.92,14.2,14.41,14.95,16.2,17.32,17.87,18.72,19.18,19.59,19.80,20.21,20.57,20.79,21.02,21.13,21.62,22.29,22.81,,,,,,
871,14.08,14.52,15,15.93,16.39,16.85,17.08,17.81,19.04,20.15,20.67,21.55,22.53,23.02,23.27,23.76,24.5,25.13,25.76,26.08,27.46,,,,,,,,
872,3.95,4.07,4.1,4.13,4.21,4.29,4.33,,,,,,,,,,,,,,,,,,,,,,
873,9.93,10.06,10.32,10.95,11.15,11.36,11.47,11.84,12.51,12.79,13.1,,,,,,,,,,,,,,,,,,
874,10.87,11.13,11.5,12.1,12.32,12.55,13,13.8,15.41,16.77,17.25,17.92,18.48,18.81,18.98,19.31,19.57,19.76,19.95,20.04,21.02,21.94,22.51,23.35,24.41,25.4,26.9,27.05,27.43
875,5.49,5.57,5.63,5.68,5.70,5.72,5.74,5.77,5.83,,,,,,,,,,,,,,,,,,,,
876,10.43,10.69,10.91,11.85,12.12,12.4,12.55,13.24,14.76,16.47,17.3,18.57,19.28,19.83,20.11,20.66,21.55,,,,,,,,,,,,
877,10.08,10.2,10.41,11.1,11.32,11.55,11.7,12.19,13.36,14.73,15.37,16.43,17.38,18.05,18.39,19.06,19.9,20.57,21.24,21.58,23.21,24.68,25.55,26.21,27.27,28.64,30.27,30.47,31.05
878,11.02,11.18,11.45,12,12.14,12.28,12.39,12.69,13.21,13.48,13.59,13.74,13.82,13.86,13.88,13.92,,,,,,,,,,,,,
879,8.85,8.93,8.98,9.41,9.54,9.66,,,,,,,,,,,,,,,,,,,,,,,
88,4.35,4.56,,,,,,,,,,,,,,,,,,,,,,,,,,,
880,5.44,5.54,5.55,5.59,5.70,5.8,5.83,5.87,,,,,,,,,,,,,,,,,,,,,
881,9.29,9.61,9.82,10.56,10.83,11.1,11.3,12.04,13.26,14.08,14.44,15.03,15.67,16.01,16.18,16.52,16.88,17.18,17.47,17.62,18.52,19.06,19.23,19.31,,,,,
882,11.91,12.21,12.59,13.64,13.97,14.3,14.34,14.9,15.8,16.42,16.84,17.57,18.03,18.41,18.60,18.97,19.19,19.29,19.40,19.45,19.82,,,,,,,,
883,13.79,14.03,14.41,15.53,15.88,16.24,16.43,16.96,18.05,19.06,19.48,20.06,20.28,20.65,20.84,21.21,21.6,21.89,22.18,22.32,23.11,23.64,23.66,24.14,24.61,25.2,25.28,25.29,25.3
884,11.32,11.58,11.99,12.7,13.05,13.4,13.44,13.8,14.51,14.78,14.84,14.88,,,,,,,,,,,,,,,,,
885,10.87,10.99,11.3,11.75,12.00,12.25,12.37,12.74,13.71,13.98,14.16,14.44,14.48,14.49,14.49,14.5,,,,,,,,,,,,,
886,10.28,10.64,11.01,12.05,12.45,12.85,13,13.09,13.31,13.33,13.34,13.34,,,,,,,,,,,,,,,,,
887,10.08,10.45,10.86,11.7,12.00,12.3,12.45,13.7,15.85,17.47,18.52,20.26,21.13,21.82,22.17,22.86,23.75,24.51,25.26,25.64,27.71,29.36,30.18,30.84,32.09,33.05,33.57,33.74,33.88
888,11.22,11.53,11.85,12.6,12.93,13.25,13.44,14,15.36,16.62,17.14,17.92,18.48,18.85,19.04,19.41,19.83,20.13,20.44,20.59,21.22,21.26,21.27,21.27,,,,,
889,6.03,6.18,6.32,6.42,6.48,6.55,6.57,6.67,6.68,6.77,6.8,,,,,,,,,,,,,,,,,,
89,5.14,5.2,,,,,,,,,,,,,,,,,,,,,,,,,,,
890,8.2,8.39,8.74,9.36,9.58,9.8,9.91,10.18,10.97,11.44,11.62,11.85,11.92,11.93,11.93,11.94,11.95,11.95,11.95,11.95,,,,,,,,,
891,9.29,9.61,10.02,10.75,11.05,11.35,11.6,12.14,13.46,13.98,14.38,15.03,15.22,15.64,15.85,16.27,16.55,16.70,16.85,16.93,17.42,,,,,,,,
892,5.39,5.54,5.63,5.78,5.93,6.08,6.1,6.12,6.13,6.22,,,,,,,,,,,,,,,,,,,
893,9.49,10.06,10.46,11.25,11.47,11.7,11.75,12.69,14.11,15.28,15.73,16.38,16.78,17.06,17.20,17.47,17.82,18.12,18.41,18.56,19.37,19.46,19.48,19.52,19.59,,,,
894,5.96,5.96,,,,,,,,,,,,,,,,,,,,,,,,,,,
895,4.84,4.9,5.18,5.58,5.74,5.9,5.93,5.97,6.08,6.22,,,,,,,,,,,,,,,,,,,
896,4.99,5.1,5.18,5.28,5.38,5.48,5.58,5.67,5.68,5.68,,,,,,,,,,,,,,,,,,,
897,10.08,10.13,10.44,11.55,11.90,12.25,12.35,13.09,14.31,15.47,15.97,16.73,17.28,17.68,17.88,18.27,18.6,,,,,,,,,,,,
898,5.83,6.08,6.17,6.47,6.73,7,7.02,,,,,,,,,,,,,,,,,,,,,,
899,8.15,8.53,8.79,9.31,9.55,9.8,10.16,10.89,12.02,12.49,12.73,13.09,13.22,13.24,13.25,13.28,,,,,,,,,,,,,
9,6.72,6.87,6.91,7.27,7.37,7.47,7.48,7.5,7.58,7.71,7.8,,,,,,,,,,,,,,,,,,
90,9.14,9.47,9.82,10.51,10.75,11,11.1,11.69,13.01,13.88,14.34,15.03,15.14,15.38,15.50,15.75,16.45,,,,,,,,,,,,
900,7.02,7.16,7.3,7.67,7.75,7.82,7.84,7.93,8.18,8.24,8.25,8.26,,,,,,,,,,,,,,,,,
901,7.96,8.14,8.34,8.91,9.03,9.15,,,,,,,,,,,,,,,,,,,,,,,
902,12.8,13.1,13.57,14.59,14.84,15.1,15.14,15.7,16.6,17.12,17.55,18.32,18.73,19.08,19.26,19.61,19.96,20.25,20.54,20.69,21.82,22.94,23.16,23.55,24.22,25.3,26.08,26.27,26.36
91,8.25,8.44,8.69,9.01,9.13,9.25,9.26,9.43,9.62,9.65,9.7,,,,,,,,,,,,,,,,,,
92,6.52,6.7,6.84,7.07,7.20,7.32,7.44,,,,,,,,,,,,,,,,,,,,,,
93,5.73,5.84,5.87,6.07,6.12,6.16,6.2,,,,,,,,,,,,,,,,,,,,,,
94,4.45,4.56,4.59,4.83,4.91,4.99,4.99,,,,,,,,,,,,,,,,,,,,,,
95,6.87,7.01,7.3,7.38,7.41,7.44,7.54,7.78,7.98,8.11,8.16,8.26,,,,,,,,,,,,,,,,,
96,6.47,6.62,,,,,,,,,,,,,,,,,,,,,,,,,,,
97,8.15,8.44,8.64,9.11,9.38,9.65,9.91,10.53,11.72,12.24,12.5,12.89,13.07,13.17,13.22,13.33,13.53,13.70,13.87,13.96,14.11,14.18,,,,,,,
98,4.35,4.61,4.74,5.28,5.56,5.85,6.08,,,,,,,,,,,,,,,,,,,,,,
99,7.21,7.31,7.45,8.02,8.21,8.4,8.47,,,,,,,,,,,,,,,,,,,,,,
